,0
0,RPL23A
1,YIPF6
2,ARL8B
3,CALB2
4,MFSD3
5,PIGV
6,LGALS12
7,SH2D1A
8,PFN2
9,DLL1
10,THBS1
11,GPIHBP1
12,RAD23A
13,SIN3B
14,NIT1
15,ATP6V1H
16,CTSA
17,IL32
18,AGMAT
19,SERPINF2
20,NUCB2
21,TMEM143
22,UTRN
23,TLR5
24,SERTAD2
25,ST3GAL6
26,PKP2
27,KRT1
28,EIF3M
29,KIF23
30,SLC45A4
31,CAMTA2
32,TMUB2
33,ESM1
34,NMRAL1
35,GMPS
36,YWHAB
37,TOMM40
38,NDUFAF2
39,SEPSECS
40,HABP2
41,CWC27
42,POLD3
43,SLC17A1
44,EVX1
45,APIP
46,RFXANK
47,MAF1
48,PLA2G2A
49,FOXP1
50,RNF128
51,SPCS2
52,COX17
53,NLGN2
54,ICMT
55,HAO1
56,FMNL1
57,TERT
58,ECI2
59,ARHGAP9
60,MED8
61,PHF1
62,RPS7
63,GFAP
64,PLBD1
65,ATP2B2
66,PSMB6
67,DENND1C
68,OAS1
69,UGDH
70,CHN2
71,TRIM47
72,FIBP
73,NDUFS5
74,IP6K3
75,MTF2
76,IWS1
77,RBM15B
78,CBLN3
79,CLK2
80,CHTOP
81,STT3B
82,MT1A
83,RSU1
84,SRSF5
85,NCAPG
86,NOP2
87,AFMID
88,SLC22A3
89,DGKD
90,TMCO1
91,RAB5C
92,UPP1
93,NUTF2
94,EPHB4
95,RPS4Y1
96,AMN
97,ANAPC2
98,KDM5B
99,FHOD1
100,PTPRH
101,PCMTD1
102,C7
103,PRKCI
104,CNNM4
105,MAP2K7
106,KIRREL2
107,INTS5
108,SLC2A1
109,YKT6
110,WNT1
111,NFYC
112,IL10RB
113,SPINK1
114,PAK1
115,CTRB2
116,ZNF189
117,GLYCTK
118,MASP2
119,ZMAT3
120,TNNT1
121,PPOX
122,LHFPL2
123,PODXL2
124,RCOR1
125,RPS6KB1
126,PRPF3
127,KCNE4
128,DLD
129,FCGR2B
130,PHYKPL
131,DBNL
132,PPP1R9B
133,PHLDA2
134,SDC4
135,CLN6
136,EFS
137,CHRNA4
138,NAGLU
139,ERRFI1
140,PSMB1
141,EVPL
142,FGA
143,IL27RA
144,WAC
145,APH1A
146,BRDT
147,IGSF6
148,PDCD6
149,MRPS11
150,ATP6V1E1
151,SMS
152,EPB41L2
153,EPHA3
154,ITGB4
155,TOX3
156,LDHA
157,METTL3
158,DNMT3A
159,ADRA1A
160,OPRK1
161,ZNF496
162,UBE2J2
163,ATP6AP2
164,PLIN4
165,SLIRP
166,ETAA1
167,PLP2
168,TREH
169,NOP16
170,GNA12
171,HEY2
172,ACOX2
173,NR4A3
174,PPP1R7
175,ITGB2
176,CYP2E1
177,PES1
178,SNAP29
179,LAMA2
180,CDH16
181,SLCO1A2
182,HSDL2
183,SCARB1
184,THOP1
185,PTCD3
186,SS18L1
187,CYP2D6
188,NTM
189,ZGPAT
190,ERH
191,RPL41
192,SERPINB3
193,TNC
194,CD1C
195,MZT2A
196,EXOSC7
197,CRKL
198,OGDHL
199,MATN3
200,PIGA
201,NUSAP1
202,PLOD1
203,ARID3A
204,CD79B
205,FARS2
206,PTGFR
207,VNN2
208,RCN3
209,PPP4C
210,PEX7
211,ALDOA
212,NCEH1
213,SMARCC2
214,MLST8
215,GALC
216,ZBTB21
217,PLA2G12A
218,MAPK14
219,KCNK17
220,UBXN11
221,RNF20
222,DROSHA
223,LEMD2
224,RREB1
225,IGLC3
226,THY1
227,UQCRB
228,TMED9
229,RNF5
230,ONECUT1
231,CDK8
232,LAMA1
233,ADCY3
234,TAF9B
235,PLK3
236,MPLKIP
237,BAZ1B
238,RIC8B
239,WNK4
240,LNPEP
241,PRPSAP1
242,MRPL22
243,CYP1B1
244,NAB1
245,NCAN
246,ZMYND11
247,GOLGA7B
248,HPR
249,COX6A1
250,GBF1
251,GABRA3
252,RAB15
253,CDH17
254,RMI2
255,UBL4A
256,DPP4
257,TFB1M
258,ARFGEF1
259,HOXB7
260,MBOAT2
261,FAM210B
262,SMO
263,ITGB6
264,USP18
265,LPCAT3
266,SOSTDC1
267,YEATS4
268,CAND1
269,KCNJ5
270,GRB14
271,KCNJ11
272,MEP1A
273,AGXT2
274,POGK
275,SIRT5
276,SMARCC1
277,PRKACB
278,HOOK3
279,PPIL4
280,DHX15
281,PLIN3
282,CHST4
283,DENND5A
284,ATP6V0E1
285,KLK3
286,KDM4A
287,ANG
288,DCUN1D1
289,LCP1
290,PDRG1
291,AKR1C2
292,SDHD
293,EIF3I
294,METAP2
295,TTLL4
296,HMGB2
297,UBE2N
298,MET
299,PLBD2
300,CHMP1B
301,RIPPLY1
302,COLEC12
303,ABCA1
304,ZNF385A
305,NIF3L1
306,ANKRD1
307,VTA1
308,CNIH1
309,MBL2
310,ZCCHC17
311,EML2
312,PON1
313,GPR35
314,FGD3
315,KATNB1
316,CD22
317,TM2D3
318,MANSC1
319,CREM
320,CFHR2
321,ABCG1
322,ZDHHC6
323,RANBP6
324,CSPG4
325,MYH4
326,HSF1
327,RTN2
328,TMED6
329,LYZ
330,SUMO1
331,SERPINB9
332,DDX21
333,VAC14
334,CCR1
335,USP9X
336,RPL10L
337,ST7
338,SAP30
339,FNBP1L
340,ISG20L2
341,NPFFR2
342,NR2F1
343,SAP30L
344,PRKAR1A
345,MORF4L2
346,PDXK
347,SERTAD3
348,AAAS
349,UBE2Z
350,XPO6
351,CDK5RAP2
352,GALNT10
353,CBX5
354,NPPB
355,ICA1
356,EXT1
357,WIF1
358,FGFR4
359,PIP5K1C
360,CA5A
361,ATP11A
362,TRIM25
363,SELE
364,DCXR
365,PROM1
366,MBOAT1
367,CRB3
368,ZNF775
369,SIAH2
370,XPO4
371,TMEM30A
372,POLR3D
373,WAS
374,FAM107A
375,FBXO6
376,DDR1
377,RHBDL3
378,RBM6
379,JUN
380,UFL1
381,LAMP3
382,CDH6
383,SPI1
384,CUL4B
385,EBPL
386,SLC40A1
387,RASL10B
388,MRPL20
389,PPARA
390,BPI
391,IL33
392,TINAG
393,SCPEP1
394,SGCB
395,GC
396,PLIN1
397,HNRNPAB
398,PDIA3
399,RPF2
400,APPL1
401,UPF2
402,MAOB
403,SLPI
404,DDX11
405,SNW1
406,TOR4A
407,MED1
408,CRH
409,TMEM203
410,RBM12
411,PDCD4
412,MT1E
413,DERL3
414,MAPK4
415,PRDX2
416,SPTBN1
417,BATF2
418,GAS6
419,SDAD1
420,HAUS5
421,SKP2
422,FCGRT
423,DBN1
424,DCAF16
425,ZNF622
426,PISD
427,ANXA3
428,HS3ST3A1
429,TSPYL5
430,EIF3G
431,CTSZ
432,SLC20A1
433,POLG
434,ZNF692
435,F2RL2
436,TP53I11
437,SLA
438,YIPF1
439,RPL38
440,NT5C2
441,PTPN12
442,WASL
443,ALDH1A3
444,ZNF318
445,RHEB
446,MNS1
447,PTK2B
448,EVA1C
449,GNS
450,LAPTM4B
451,MRPS5
452,TONSL
453,ZNF664
454,SLC25A26
455,IL10RA
456,TYK2
457,MTMR4
458,ADAM15
459,ENPEP
460,C16orf91
461,ZBTB47
462,BDH1
463,PSMB5
464,LRIG1
465,NR5A2
466,ITPK1
467,NOTCH2
468,RECQL
469,BEX5
470,TMOD1
471,ELAC2
472,FXYD6
473,XAB2
474,MRPL10
475,NCAPH2
476,PRF1
477,DPYSL3
478,ANTXR2
479,SERPINI1
480,HSD17B11
481,SH2B2
482,GNG2
483,UBE2J1
484,SUMF1
485,U2AF1L4
486,KIAA1324
487,GLI1
488,MZT2B
489,PRPF6
490,IL1R1
491,MCL1
492,LZTS2
493,ULK1
494,MFSD2A
495,CPE
496,SORBS2
497,GBP5
498,TCEAL2
499,MRPS23
500,ENTPD6
501,CFB
502,KCNJ16
503,CDO1
504,ASGR1
505,TNPO3
506,PIM3
507,PIGO
508,CREB3L2
509,CDCA7L
510,NDUFA3
511,SLC38A6
512,UBAP1
513,MARVELD1
514,CPT2
515,BRAT1
516,PI4K2A
517,NREP
518,MAFK
519,PLCD4
520,STK35
521,CXXC1
522,ATF4
523,SIPA1
524,PTGR1
525,RPS24
526,ZFYVE27
527,MFN2
528,RBMS2
529,GCK
530,RAC1
531,RPL9
532,RABAC1
533,RXRB
534,ABHD5
535,RPS18
536,CREG1
537,ESAM
538,POLR2I
539,TRIP4
540,SNRNP35
541,YPEL3
542,DCAF7
543,NARF
544,IL27
545,RHOC
546,SH2B1
547,CDS2
548,KEAP1
549,WNT4
550,LRRC32
551,ITIH1
552,ABLIM2
553,C1QA
554,BPIFA1
555,UQCRC1
556,NR1H4
557,TBX2
558,SRD5A3
559,EIF2AK2
560,INTS4
561,XDH
562,ZDHHC20
563,ERMAP
564,UBXN1
565,SLC43A2
566,TPST2
567,C9orf78
568,CHCHD10
569,SMARCD1
570,PRELID1
571,ABCC1
572,EIF2B2
573,SLC26A1
574,STAT1
575,AHSG
576,IL18BP
577,FHL5
578,TMEM220
579,DKK1
580,SNRK
581,FKBP2
582,VCP
583,MT1H
584,TSC2
585,POMC
586,BRD4
587,INPP5A
588,TBC1D1
589,ZNF598
590,ARL4C
591,RILP
592,HSPB3
593,LDB2
594,CDH11
595,ATP2A3
596,CHRND
597,ECE2
598,TMEM192
599,ATAD2
600,AGTRAP
601,CMTM3
602,OSBP
603,ACAD8
604,KCNE3
605,RPS6KA3
606,ZDHHC24
607,NEK2
608,PCBP1
609,SLC25A18
610,SULT2A1
611,YY1
612,GFM2
613,FBN3
614,ESR1
615,MTG2
616,ALDH3A1
617,SALL4
618,DMGDH
619,CASP4
620,NCALD
621,GOT1
622,LGALS1
623,POLR1D
624,MAN2B1
625,SEZ6L
626,RAN
627,RAB5A
628,CLEC4E
629,PPT2
630,PHGDH
631,CDK1
632,YME1L1
633,ERP27
634,KLHL20
635,KLF12
636,NKD2
637,CRIP3
638,PTS
639,RPRD2
640,ACYP2
641,ABCF2
642,EIF3L
643,APEX1
644,SLC39A10
645,RXRG
646,RAC2
647,LFNG
648,TARBP2
649,ZFAND2A
650,CFL2
651,TNFAIP3
652,HSPD1
653,KPNA4
654,AP1G2
655,SSBP1
656,NUDT11
657,CIZ1
658,FUCA2
659,C1RL
660,ECE1
661,CXCL11
662,SPTAN1
663,NSMCE1
664,RNPS1
665,EYA2
666,SLC30A7
667,UQCC1
668,PRPF19
669,UGT1A4
670,FMO5
671,GREM1
672,GZMK
673,FOXL1
674,SEC24D
675,NLRC5
676,CYP8B1
677,RNF25
678,P4HTM
679,ECM1
680,TUBA1C
681,SCYL2
682,CD96
683,ACSL6
684,LY86
685,TOMM34
686,GPR50
687,NRN1
688,SLC14A1
689,RXRA
690,MPRIP
691,AKR1C1
692,MMP11
693,WWTR1
694,LSM14A
695,APEX2
696,HHIP
697,TMEM214
698,POMT1
699,PMAIP1
700,RANBP10
701,TOP2B
702,GINS2
703,MFN1
704,HDAC6
705,NPNT
706,TMEM164
707,PTP4A3
708,TP53INP1
709,CREB3L3
710,BMP7
711,TMEM38B
712,SPDYC
713,TXNDC11
714,SRXN1
715,ATP1B3
716,TLR1
717,MOB1A
718,GOSR2
719,P3H3
720,PSMB8
721,PSMA4
722,RPS4X
723,TRAPPC1
724,EPB41L4B
725,OIT3
726,MRPS33
727,SIPA1L1
728,BRD3
729,SP6
730,COPG2
731,SPTSSA
732,SAAL1
733,SETD7
734,DCK
735,ZNF146
736,BCS1L
737,SLBP
738,WDR77
739,CHCHD1
740,RPA3
741,CARHSP1
742,SALL1
743,CA4
744,MEIS3
745,XXYLT1
746,CRTAC1
747,MCOLN1
748,HSD17B4
749,STRN4
750,TMPRSS3
751,KLF16
752,ARSE
753,TSPAN3
754,VPS36
755,SLC9A7
756,DUSP4
757,ID4
758,PARP16
759,PAWR
760,CRTAP
761,ARFGAP1
762,THRSP
763,LRP1
764,SLC25A5
765,KLC4
766,PIGC
767,S100B
768,ADAM8
769,TSPAN18
770,PTPMT1
771,KLHL9
772,ENO1
773,DGKQ
774,SLC2A6
775,VHL
776,HMGCS2
777,KMT2E
778,ASAP3
779,PDK1
780,IRF4
781,ATP8B2
782,TMEM167A
783,SLAMF7
784,KLF4
785,NAV2
786,ACBD5
787,DGCR2
788,ENO2
789,SEPT7
790,KIAA2013
791,AGPAT1
792,CHMP1A
793,PXMP2
794,HTR1D
795,LIN28B
796,SLC39A11
797,GANAB
798,GLP1R
799,NOL3
800,MORC2
801,ALOX5AP
802,CLMP
803,TREM1
804,HMGCL
805,SRRM2
806,CSF1
807,MFSD12
808,FLT1
809,LGALS8
810,IFITM1
811,RAI14
812,GLT8D2
813,IRF2BPL
814,MYO1D
815,TMEM182
816,PC
817,MSL1
818,FOXG1
819,DCAF13
820,SHROOM3
821,F11
822,HK1
823,IGFN1
824,CDC42SE2
825,FKBP10
826,VARS2
827,CCDC61
828,ATP1A1
829,PROC
830,RRP9
831,RHBDF2
832,CBX1
833,PLOD3
834,GALM
835,ACADSB
836,ILF3
837,HLA-A
838,FASTK
839,HTRA3
840,PLAGL2
841,CAMKK2
842,MFSD9
843,DARS2
844,ATF7IP2
845,SLC27A4
846,ASIC1
847,CCDC51
848,RRAGD
849,VPS9D1
850,TMEM179B
851,TAF8
852,FABP5
853,S100A6
854,RTCA
855,KIAA1217
856,LIPE
857,ARMC10
858,TWF1
859,PCGF5
860,DRAP1
861,TMPRSS4
862,PZP
863,COL26A1
864,SEPT8
865,LRFN4
866,COL8A2
867,SLK
868,PTPRM
869,PTAFR
870,EMD
871,MRPS16
872,FABP7
873,DNMT1
874,GOLGA2
875,ZNF652
876,P2RX2
877,SUPT16H
878,NRP2
879,F11R
880,LGALS7B
881,GJA5
882,TJP2
883,ABCG2
884,BRAP
885,SLC7A1
886,DLGAP5
887,NUP210
888,TYSND1
889,ALDH5A1
890,FGF20
891,HEYL
892,SCFD1
893,ADAM9
894,CCND3
895,FECH
896,SIRT1
897,FUT4
898,RCC1
899,RNF125
900,CBX4
901,ZKSCAN3
902,ATP6V0D1
903,PON3
904,SECTM1
905,MAD1L1
906,NDUFA5
907,SEC61B
908,LANCL2
909,S100A8
910,NDUFB2
911,NT5C3A
912,CKAP2
913,SLC44A2
914,LPIN2
915,CDCA8
916,LPAR2
917,FADD
918,PTPN18
919,GOLPH3L
920,C9
921,CPSF3
922,ESYT1
923,PARD3
924,MRPL37
925,PPP3R1
926,PIK3R3
927,IGKV3-20
928,TCF7L1
929,WDR45B
930,FHIT
931,VCAM1
932,RAB3GAP2
933,GPC6
934,TCTA
935,GLYAT
936,CD24
937,CTSC
938,GP2
939,TBCEL
940,BMP2
941,MOGAT3
942,GPHN
943,WTAP
944,DNAAF2
945,MTIF2
946,ATMIN
947,BLOC1S3
948,SMOC1
949,MBTPS1
950,DDT
951,PAF1
952,NEIL2
953,CXCL1
954,REG1A
955,CUL1
956,SPCS1
957,NKTR
958,DERL1
959,SIRT2
960,TOR1A
961,GINM1
962,ITIH5
963,KIN
964,SNRNP48
965,MAB21L2
966,GORASP2
967,PHC2
968,RELB
969,USP4
970,RACGAP1
971,CLDN1
972,NAT14
973,LPCAT1
974,F2RL3
975,SEMA3C
976,CD207
977,HLA-DRA
978,VWA8
979,ITIH2
980,NARS2
981,PPIC
982,EFHD1
983,CACNG1
984,ELP4
985,FOLR1
986,BET1
987,MSH6
988,PRRX2
989,DTX1
990,OPA3
991,MIDN
992,TNFRSF13C
993,RPL14
994,CDCA7
995,LRPAP1
996,CHMP6
997,VMP1
998,ZKSCAN8
999,DNAL4
1000,SCD
1001,TRAPPC2L
1002,MEA1
1003,LMNB1
1004,PTX3
1005,CCL25
1006,CD200
1007,FTCD
1008,MMP15
1009,SLC25A28
1010,SNAPC5
1011,QKI
1012,UBE4A
1013,TRIM16
1014,VASP
1015,PRKX
1016,POLR2G
1017,PSPH
1018,CENPQ
1019,AMBRA1
1020,USP25
1021,PRCC
1022,NUCB1
1023,EXOC2
1024,MAT1A
1025,RPL34
1026,CADPS2
1027,WNT3A
1028,KCNF1
1029,HIF3A
1030,RAB11FIP1
1031,NET1
1032,SKAP1
1033,INPP5K
1034,FNDC5
1035,IGFBP2
1036,SBDS
1037,LANCL1
1038,TNFRSF17
1039,MEAF6
1040,CXCL16
1041,SNRPN
1042,FUT2
1043,CHIT1
1044,DYNC1I1
1045,NONO
1046,PROCR
1047,RASSF7
1048,IFT57
1049,TNFSF12
1050,RNF151
1051,GYPC
1052,TMEM51
1053,GARS
1054,EVA1A
1055,NDUFB6
1056,HIPK1
1057,PWP1
1058,CD70
1059,BTN3A1
1060,SWI5
1061,RASEF
1062,SGSM3
1063,CC2D1B
1064,DYNLL2
1065,RASSF1
1066,MED22
1067,RPAP1
1068,ZC3HC1
1069,TRMT112
1070,FOXA3
1071,F2RL1
1072,FGFR1
1073,COMMD4
1074,CNTFR
1075,DHODH
1076,DDX56
1077,PPCDC
1078,UBAP2L
1079,SLC48A1
1080,IQGAP1
1081,FEM1C
1082,PCOLCE
1083,TFPI2
1084,PCK1
1085,MRC1
1086,MAPK13
1087,TRADD
1088,POLR2E
1089,GNPDA1
1090,CFTR
1091,IFIT1
1092,IQSEC1
1093,SLC30A2
1094,RPL32
1095,F10
1096,LRRC8D
1097,BNIP2
1098,LDLR
1099,BOK
1100,TYMP
1101,KIFAP3
1102,SLC9B2
1103,ITPR1
1104,TMBIM6
1105,NQO2
1106,BTD
1107,PML
1108,DPP3
1109,SLC39A5
1110,ABCB4
1111,GRINA
1112,ASF1A
1113,AP1G1
1114,SERPINA3
1115,LRRN2
1116,RSL1D1
1117,CD248
1118,GCLC
1119,DHX32
1120,AFAP1L2
1121,FBL
1122,BST2
1123,FGF17
1124,SNX7
1125,RIN1
1126,MKKS
1127,P2RX4
1128,TNPO1
1129,SLC35F6
1130,CSTB
1131,RAP1GAP
1132,AKAP17A
1133,YIF1A
1134,EVL
1135,WNT7A
1136,RNF170
1137,PDK4
1138,PNLDC1
1139,FBP1
1140,ENGASE
1141,PMPCA
1142,EIF2AK4
1143,TNFRSF14
1144,C1orf56
1145,PIGL
1146,CD1A
1147,ATF6B
1148,ATP2B4
1149,PFKL
1150,RAB3GAP1
1151,AKAP1
1152,CCL28
1153,IFT20
1154,ACAD10
1155,SAP30BP
1156,CLDN14
1157,DPYSL2
1158,KPNA6
1159,ALG5
1160,MOCS2
1161,EMC1
1162,UFM1
1163,CYBRD1
1164,TLE1
1165,SEPT4
1166,DMRTB1
1167,IGFBP5
1168,RPL28
1169,TACO1
1170,CDC37
1171,PHF11
1172,UROS
1173,KRT5
1174,NUP214
1175,PRKCSH
1176,TMEM45B
1177,LAMP5
1178,KCTD14
1179,ATP11B
1180,SPON1
1181,EML4
1182,PITX1
1183,DCLK1
1184,RAD21
1185,RHBDF1
1186,EFNB1
1187,RNF135
1188,CKMT1B
1189,ALS2CL
1190,CTBS
1191,INHBE
1192,KCTD15
1193,HSPB11
1194,CD83
1195,ADH4
1196,SUCLA2
1197,RPS6KA2
1198,TWF2
1199,ARFGAP2
1200,CYP7B1
1201,PLEKHB1
1202,TIMM23
1203,IFT52
1204,NRBP2
1205,SMARCA5
1206,TRIM56
1207,APLP1
1208,AGPS
1209,DNALI1
1210,LAMTOR1
1211,RRN3
1212,PGLS
1213,UGGT1
1214,GTF2E1
1215,POLR2H
1216,SSX2IP
1217,LMF2
1218,CMTM4
1219,RBM5
1220,USP33
1221,TSPAN5
1222,HSPA5
1223,SCGB3A1
1224,DYNLT1
1225,CDC25B
1226,RER1
1227,MPZ
1228,CNPY4
1229,ATF6
1230,TMEM41A
1231,SLC25A3
1232,MLPH
1233,RBM24
1234,VBP1
1235,MYO10
1236,GNAO1
1237,CIRBP
1238,CEP170B
1239,USP2
1240,CCNH
1241,TEAD4
1242,C8G
1243,EIF3D
1244,TRRAP
1245,ZNF684
1246,SNCA
1247,HIGD1A
1248,FOXRED1
1249,TMCO6
1250,SKP1
1251,CEP70
1252,NUMB
1253,STARD3NL
1254,MAN2A1
1255,CXCL9
1256,WASF3
1257,DPY19L1
1258,HLA-F
1259,SERPINB1
1260,TIMM17A
1261,NUP43
1262,PQLC2
1263,CARS
1264,TUBGCP3
1265,PLK2
1266,PIAS3
1267,TPPP3
1268,UBA5
1269,LONP1
1270,PAPOLA
1271,AK8
1272,MYO5B
1273,KRT81
1274,HHATL
1275,SLC27A3
1276,ACKR3
1277,TEF
1278,IGLL5
1279,DDC
1280,PLS3
1281,PXYLP1
1282,ODF2
1283,PXDN
1284,B4GALT1
1285,NFKBIE
1286,SENP6
1287,ASCC3
1288,MACROD1
1289,PANK1
1290,TIGD2
1291,ZNF275
1292,USP30
1293,ADAM10
1294,FOS
1295,APMAP
1296,CTNNAL1
1297,SETMAR
1298,CLDN6
1299,OXLD1
1300,GPRC5A
1301,TRIM71
1302,ADIPOQ
1303,MAFF
1304,MRPL1
1305,SCAMP3
1306,MCU
1307,FBXW4
1308,PEX6
1309,ULBP2
1310,IMPDH1
1311,SLC39A8
1312,GNAI1
1313,VWA5A
1314,MTTP
1315,ARL2
1316,DPY19L4
1317,SENP2
1318,ADAP2
1319,CYFIP2
1320,DSC3
1321,STIM1
1322,TSPY10
1323,ARHGEF11
1324,SLC1A3
1325,HAAO
1326,IFI16
1327,CARM1
1328,PPIF
1329,NCBP1
1330,DNAH1
1331,BRD1
1332,ATG3
1333,ARHGEF25
1334,MRPL13
1335,AUH
1336,PI3
1337,GTF3C2
1338,URI1
1339,WIZ
1340,GIMAP2
1341,YTHDC1
1342,SRP19
1343,OS9
1344,MAP2K1
1345,ELP3
1346,FCGR3B
1347,HDAC2
1348,AAMDC
1349,CLSTN1
1350,PCDH12
1351,PLSCR4
1352,ERBB3
1353,USP19
1354,BLVRB
1355,UNC119B
1356,TSPYL2
1357,TGFB2
1358,PAM16
1359,VDAC3
1360,ZNF503
1361,IRF8
1362,RAD23B
1363,PRKDC
1364,NDUFA7
1365,KIF3B
1366,KDM3A
1367,PEMT
1368,SLC22A12
1369,SOX2
1370,CAB39
1371,HIST1H3D
1372,CSNK1E
1373,SUSD3
1374,PI4KA
1375,PICALM
1376,EIF4H
1377,SCRN1
1378,GAL3ST1
1379,XPO7
1380,SCAND1
1381,KIAA1324L
1382,SNRPE
1383,TM4SF20
1384,CHRNA1
1385,RAB40C
1386,ST6GALNAC6
1387,FABP4
1388,C2CD2
1389,SUMO2
1390,DDX3Y
1391,BCLAF1
1392,ELN
1393,YIPF4
1394,LEFTY2
1395,TGS1
1396,NAGK
1397,SERPINF1
1398,HCFC1
1399,CUX2
1400,OTUB1
1401,CRISP2
1402,HS3ST2
1403,TNFSF9
1404,DTX3L
1405,B3GNT3
1406,MDK
1407,PDHX
1408,EID1
1409,TRIM55
1410,HLA-E
1411,PTK2
1412,SF3B5
1413,LSR
1414,FBLN5
1415,UPF1
1416,NME6
1417,ARCN1
1418,CDK5
1419,HSBP1
1420,CNOT6
1421,LDOC1
1422,FAM83D
1423,PDIA2
1424,NAAA
1425,BTBD6
1426,TRMT61A
1427,PPT1
1428,FKBP8
1429,CAMK2D
1430,DDX24
1431,SLC35E1
1432,RHOXF2
1433,TAC3
1434,SOAT2
1435,AP3B1
1436,SEC24C
1437,CNNM3
1438,ZAP70
1439,TMEM14A
1440,RBP7
1441,MRPL57
1442,CYC1
1443,LPAR6
1444,BRD7
1445,METAP1
1446,NMD3
1447,DDX28
1448,TXNDC17
1449,CFL1
1450,RNF6
1451,AFTPH
1452,BSG
1453,KHDRBS1
1454,RPL37
1455,HDAC7
1456,FOXRED2
1457,ENO3
1458,DEFA5
1459,RUSC1
1460,LAMTOR2
1461,RHOU
1462,ST6GALNAC4
1463,DAP3
1464,DKC1
1465,FYN
1466,APCDD1
1467,CYP2A6
1468,DNASE2
1469,DNPH1
1470,ARHGEF2
1471,PLEKHG6
1472,FDXR
1473,TK2
1474,EPB41L5
1475,NSL1
1476,RPL19
1477,CPSF1
1478,HDGF
1479,TMEM52B
1480,HPN
1481,PCGF1
1482,HTR3A
1483,SLC16A12
1484,GBP2
1485,ZFP62
1486,TOP2A
1487,ZNRD1
1488,CISD2
1489,TMEM181
1490,ANXA1
1491,LAMTOR5
1492,SGPP1
1493,LAMTOR3
1494,ARRB2
1495,PXMP4
1496,EGLN3
1497,TSPAN33
1498,SH3GL3
1499,ZMIZ1
1500,TAZ
1501,MYCBP
1502,CASP6
1503,ENTPD8
1504,KCTD10
1505,BCKDK
1506,CARD6
1507,TACC1
1508,PTPRA
1509,PPP2R5B
1510,FBXL15
1511,LTF
1512,CHN1
1513,SETDB1
1514,TMEM11
1515,MTX2
1516,SLC41A1
1517,BPIFA2
1518,RHOT1
1519,PCGF3
1520,YBX1
1521,DSP
1522,NAPG
1523,ITGA6
1524,ANGPTL2
1525,ZNF32
1526,FGL1
1527,SKA1
1528,RAB4A
1529,PNLIP
1530,CYP39A1
1531,RFX5
1532,SDC3
1533,ATP1A2
1534,DNAJC21
1535,CDC34
1536,OXA1L
1537,TC2N
1538,ABR
1539,PARD6B
1540,NUDT7
1541,RNF11
1542,ATP2A2
1543,CGN
1544,ARHGEF16
1545,SNF8
1546,TNF
1547,SLC7A7
1548,RABEP1
1549,CLPX
1550,AGT
1551,SLC27A2
1552,ACE2
1553,GTPBP4
1554,ACACA
1555,IMMP2L
1556,MAPK8IP1
1557,LPAR1
1558,CDH12
1559,CLEC3B
1560,HSPE1
1561,KCTD17
1562,ZYX
1563,CCNB1IP1
1564,MMADHC
1565,CYP4V2
1566,MOB4
1567,EMP1
1568,PPIA
1569,GAL3ST4
1570,TBC1D2
1571,SULF1
1572,SOX1
1573,DCTN4
1574,ERGIC3
1575,RBCK1
1576,TMEM248
1577,TBC1D4
1578,GPR183
1579,ALKBH4
1580,ZFP90
1581,SDCBP
1582,BLZF1
1583,SMC5
1584,BCL6B
1585,KPNA3
1586,LRFN3
1587,NINL
1588,MARCH5
1589,SORL1
1590,QDPR
1591,LGR4
1592,RBM38
1593,EDF1
1594,AKAP9
1595,FZD1
1596,RGS4
1597,PLA2G4C
1598,SPPL2B
1599,GFPT2
1600,POFUT1
1601,KIFC1
1602,NR2C1
1603,ZFYVE21
1604,SMAD3
1605,GDF2
1606,NDN
1607,RMND1
1608,MCAM
1609,ARNT
1610,ARHGDIB
1611,MTMR7
1612,PLA2G4A
1613,NUP98
1614,SLC19A2
1615,PILRA
1616,FRS2
1617,ALG3
1618,NUDC
1619,NFATC4
1620,TATDN3
1621,TNS2
1622,TJP3
1623,ALYREF
1624,SOCS6
1625,TAF2
1626,HNRNPL
1627,SAR1A
1628,TRMT6
1629,ADAMTS4
1630,HSD17B7
1631,CC2D1A
1632,ARL1
1633,ATP6V1C1
1634,SLC2A8
1635,RAP2C
1636,C11orf1
1637,COL1A2
1638,PPIE
1639,ERP44
1640,MCM3AP
1641,SMAP2
1642,RNF144B
1643,SRF
1644,EIF4G3
1645,OCIAD1
1646,SLC6A8
1647,CNTNAP1
1648,NOP14
1649,AARS
1650,EGR1
1651,VIPAS39
1652,CNST
1653,CHMP4C
1654,TRMT10C
1655,TATDN1
1656,DNAJB12
1657,ZC3H3
1658,LETMD1
1659,ID3
1660,AKIRIN2
1661,NRP1
1662,COL5A1
1663,RBL2
1664,USP7
1665,SYNPO
1666,THRAP3
1667,DDB1
1668,ASF1B
1669,DPH3
1670,OGDH
1671,SUB1
1672,MARCH8
1673,MFF
1674,MSRB2
1675,NUF2
1676,HLA-DQA1
1677,G6PD
1678,CLTB
1679,ALDH1B1
1680,AZIN1
1681,ZNF394
1682,CTCF
1683,HOMER3
1684,SLC33A1
1685,HRH1
1686,ERCC5
1687,TSPAN1
1688,GPR107
1689,MRPS27
1690,C1GALT1C1
1691,SLC45A2
1692,DDX58
1693,MTNR1B
1694,SNX22
1695,ERN2
1696,TFRC
1697,CD3G
1698,MEP1B
1699,TMEM97
1700,EIF4ENIF1
1701,PPP2R5D
1702,TXNL4B
1703,CENPB
1704,ZBTB48
1705,EXOC3L1
1706,ACOX3
1707,CCL2
1708,STON1
1709,PPP2R3C
1710,LAIR1
1711,COL6A2
1712,SSX1
1713,SPESP1
1714,NSFL1C
1715,POT1
1716,ABI3
1717,LYAR
1718,DSN1
1719,EGLN2
1720,ITM2A
1721,WNT5B
1722,LYVE1
1723,PPM1L
1724,BHMT2
1725,IRF7
1726,ERAP2
1727,GNA13
1728,PITPNB
1729,SLC16A1
1730,NUP85
1731,TIMMDC1
1732,ZBTB42
1733,FXN
1734,HYAL2
1735,ALDH3B1
1736,CP
1737,SLC37A4
1738,TAPT1
1739,SMYD2
1740,NUPL2
1741,NDST1
1742,CENPA
1743,RBFOX2
1744,COX11
1745,CCM2
1746,EXOSC10
1747,TUBB4A
1748,TPD52L2
1749,LIME1
1750,RNASEH1
1751,TMEM86B
1752,GRB2
1753,RPIA
1754,GCHFR
1755,LY6E
1756,ECH1
1757,ARIH2
1758,JAK2
1759,TUBB4B
1760,APOL1
1761,MYBPC1
1762,CEP55
1763,UPP2
1764,PEX3
1765,CORO2A
1766,SIT1
1767,PDGFC
1768,RSL24D1
1769,PAK4
1770,UBE2E3
1771,SRSF10
1772,AKR1D1
1773,TAX1BP1
1774,PFAS
1775,ZRANB1
1776,CLIC1
1777,GJA4
1778,EIF3F
1779,TLR10
1780,PVR
1781,PLD6
1782,APOPT1
1783,SPRY1
1784,SNRNP25
1785,GRN
1786,EBI3
1787,CTSO
1788,BTN3A2
1789,VPS72
1790,TRAPPC2B
1791,FAM174A
1792,NSUN2
1793,MUC13
1794,HELZ2
1795,XPA
1796,MYO1C
1797,PHB
1798,DPT
1799,TRA2B
1800,DCAF12
1801,TM4SF4
1802,CDC42
1803,MASTL
1804,EIF4EBP3
1805,SLC25A24
1806,SPRY2
1807,PPP1R26
1808,RPP38
1809,GAB2
1810,NXT1
1811,RDH11
1812,SLC35B4
1813,WDR3
1814,ZNF282
1815,CRADD
1816,DOLPP1
1817,SLC4A2
1818,NPM2
1819,ZHX2
1820,TGM3
1821,ETFB
1822,GNA11
1823,BTAF1
1824,TNKS1BP1
1825,PLXDC1
1826,PRODH
1827,HAUS1
1828,SEPT5
1829,C3
1830,TCOF1
1831,TRIM22
1832,DEK
1833,DHCR7
1834,TM9SF3
1835,NUDT12
1836,MYL12B
1837,HBM
1838,APOH
1839,RAB3A
1840,GDA
1841,YWHAZ
1842,TAF1C
1843,CTDSP1
1844,TIMP4
1845,IGF2BP2
1846,GABARAP
1847,GPR108
1848,LMCD1
1849,ACBD3
1850,MZT1
1851,LTBP2
1852,STAM
1853,USP21
1854,GNG7
1855,TMEM86A
1856,MAP1LC3B
1857,DCTN1
1858,CMTM7
1859,ADH1A
1860,USF1
1861,MMP10
1862,PTEN
1863,SDHC
1864,CRP
1865,ASB6
1866,TMEM160
1867,EBAG9
1868,ZNF227
1869,NDUFB5
1870,TMEM259
1871,CALM2
1872,INTS7
1873,CD99L2
1874,CIAPIN1
1875,MAP7D1
1876,SAFB2
1877,F3
1878,CDH10
1879,KTN1
1880,RDH5
1881,ARRDC3
1882,RPL27
1883,UCHL1
1884,AADAC
1885,LYPLA1
1886,MDN1
1887,MRPL40
1888,HDAC11
1889,TTF1
1890,MTERF1
1891,CPD
1892,RPF1
1893,EPB41
1894,THRA
1895,BUD13
1896,EDIL3
1897,RPS10
1898,CHST13
1899,SNCG
1900,PIGK
1901,LAMC1
1902,SAMSN1
1903,METTL1
1904,SSBP4
1905,KPNA7
1906,GGT5
1907,SLC35A1
1908,MAPRE1
1909,OPA1
1910,YWHAE
1911,RPL13
1912,TRIM24
1913,SERBP1
1914,POLG2
1915,ADNP
1916,FLAD1
1917,CAMK1D
1918,RASAL3
1919,TMEM252
1920,DAZAP1
1921,JDP2
1922,CD27
1923,KLC2
1924,FOXH1
1925,GCNT3
1926,HOPX
1927,CPA2
1928,HGS
1929,KRT4
1930,ITGB1
1931,CRYZ
1932,EXOC7
1933,DHRS2
1934,BPNT1
1935,CYP11A1
1936,TIMM9
1937,HNRNPR
1938,CRIM1
1939,HOXB13
1940,KLF13
1941,RNF149
1942,CD300A
1943,CACNA1H
1944,FMR1
1945,PRDX3
1946,SF3B1
1947,SLC39A13
1948,TNPO2
1949,NUDT1
1950,ISY1
1951,SMURF1
1952,TPM4
1953,MAGEA1
1954,MPZL2
1955,PCGF2
1956,ECSIT
1957,PTPN3
1958,MT1M
1959,COPZ2
1960,HPX
1961,CXCL10
1962,KIF1A
1963,AURKAIP1
1964,FAM160A2
1965,SP3
1966,CDC6
1967,NRBP1
1968,STK4
1969,ITM2C
1970,SIK1
1971,SERPINB4
1972,ORC2
1973,MANEAL
1974,KLF9
1975,ALDH3A2
1976,PLA1A
1977,MDM2
1978,PMPCB
1979,EXOSC9
1980,TLCD1
1981,THYN1
1982,ZNF266
1983,CANT1
1984,SLC25A42
1985,COL16A1
1986,E2F4
1987,RPS8
1988,TYROBP
1989,PDSS1
1990,CYP1A2
1991,NIFK
1992,SMPD3
1993,DICER1
1994,CETN2
1995,NTRK2
1996,SH3BGR
1997,PDCD11
1998,SEC24A
1999,NOP58
2000,TUBA1B
2001,TGFBR2
2002,RPS15A
2003,CHD8
2004,HSD17B12
2005,IFI44
2006,GADD45GIP1
2007,CLIC6
2008,CAMK1G
2009,NFKBIA
2010,PLD2
2011,PNMT
2012,TPP1
2013,WDR45
2014,PF4
2015,CHD1L
2016,CXCL14
2017,MBD6
2018,LAYN
2019,ENTPD4
2020,CCT5
2021,MYH14
2022,FANCC
2023,SSB
2024,UGT2B11
2025,P4HA1
2026,SCAF11
2027,DNPEP
2028,FANCG
2029,TRIP10
2030,CCL8
2031,TRA2A
2032,KCNIP2
2033,INPP5E
2034,CAPRIN1
2035,PRKAG2
2036,SLC39A4
2037,CD63
2038,CCL13
2039,GOLPH3
2040,COX5B
2041,UBE2T
2042,PLXNC1
2043,NUP133
2044,RFC5
2045,PPP1R14D
2046,SNRPD2
2047,LCAT
2048,GALNT12
2049,RBM48
2050,MRPS14
2051,SART1
2052,C12orf49
2053,HNRNPA2B1
2054,ASB8
2055,CYTIP
2056,CENPF
2057,SEPT1
2058,ELMO1
2059,FBXL7
2060,RPS14
2061,NFIX
2062,DMTN
2063,BAG1
2064,TJAP1
2065,MRPS36
2066,SEMA4B
2067,MID1IP1
2068,ZNF648
2069,GNG10
2070,ZSCAN16
2071,HSDL1
2072,ENKD1
2073,PRKRIP1
2074,DEDD
2075,CHRDL2
2076,NCK2
2077,SYNM
2078,CLDN19
2079,S100A11
2080,PINK1
2081,NFYB
2082,PCDHGB5
2083,NDUFAF3
2084,FXR2
2085,LPCAT4
2086,DDX51
2087,GLUD2
2088,ULK3
2089,ALKBH3
2090,GID8
2091,JUP
2092,UAP1
2093,DCTPP1
2094,GTF3C5
2095,POLA2
2096,RNF220
2097,FABP1
2098,CDKN1A
2099,VAMP8
2100,KCNJ3
2101,COPS7A
2102,ACAD9
2103,NDUFS8
2104,ALAS2
2105,LAPTM5
2106,SLC6A6
2107,RPL3
2108,MZB1
2109,PTPRK
2110,SYT3
2111,HOOK2
2112,TCEAL1
2113,ZNF33A
2114,RPP25
2115,SLC35B1
2116,RAB40B
2117,AHR
2118,TMEM216
2119,ANK2
2120,SLC35A3
2121,PAFAH1B3
2122,IDH2
2123,GNL1
2124,FUBP3
2125,ELK4
2126,MAL
2127,ANGPTL4
2128,DRG2
2129,PLXNA4
2130,GPR137B
2131,INCENP
2132,PDLIM5
2133,PACSIN2
2134,SPC25
2135,ZNF506
2136,ZNF517
2137,FKBP4
2138,BLMH
2139,KLRB1
2140,OVGP1
2141,RAF1
2142,UGT1A6
2143,SLC30A3
2144,RETSAT
2145,ABHD17B
2146,TICAM1
2147,MTRR
2148,LIN7B
2149,GLYR1
2150,GOLGB1
2151,CCAR2
2152,SDF4
2153,VSIG4
2154,TRAF2
2155,FNBP1
2156,EMILIN2
2157,CHD3
2158,AAR2
2159,ZFX
2160,INHBA
2161,FABP3
2162,SRPRB
2163,TFR2
2164,DHX30
2165,CNOT6L
2166,ADCY8
2167,ACTN4
2168,C6
2169,GPX4
2170,PFKFB1
2171,MVK
2172,GNB2
2173,COX10
2174,ZFP91
2175,CYP27A1
2176,PEBP1
2177,POC1A
2178,GGCT
2179,MAMDC2
2180,EPHX2
2181,GFRA1
2182,SPIRE2
2183,C16orf58
2184,TGIF1
2185,STX18
2186,H2AFY
2187,AP5Z1
2188,TFG
2189,NAP1L2
2190,ARPC5L
2191,CSTF1
2192,TGFB1I1
2193,MIEF1
2194,MYDGF
2195,IL1RN
2196,EHD3
2197,SYT7
2198,ATP9A
2199,CLEC4G
2200,PLA2G12B
2201,PSMD1
2202,NAPRT
2203,EPDR1
2204,DDX41
2205,FAM3C
2206,PARP14
2207,PRKAR1B
2208,SEC31A
2209,MBNL1
2210,TRAM2
2211,SIX5
2212,MANBAL
2213,MOXD1
2214,VAT1
2215,CSF3R
2216,AKR7A3
2217,MRPS35
2218,ADCY6
2219,PFKFB3
2220,MECR
2221,APBA1
2222,HIRA
2223,GLIS2
2224,CGGBP1
2225,RAB11A
2226,PSMD12
2227,FGB
2228,DNAJC5
2229,PTCH2
2230,CLIC5
2231,SCG3
2232,TUBG1
2233,TMEM44
2234,FNTA
2235,SNRNP40
2236,U2SURP
2237,UBE2L3
2238,LIMK1
2239,ALDH18A1
2240,KDSR
2241,TMEM134
2242,AKR1A1
2243,HAUS4
2244,B3GALT6
2245,TP53INP2
2246,HRAS
2247,IL24
2248,ERCC1
2249,EIF3J
2250,NCDN
2251,SNAPC2
2252,PRPF8
2253,PSMA7
2254,NGFR
2255,PIP
2256,SDHAF2
2257,NOTCH4
2258,NDRG3
2259,MAPRE3
2260,IFI27L1
2261,LTBP1
2262,RPL7
2263,VPS52
2264,PDZRN3
2265,BCL9
2266,ETF1
2267,CRABP2
2268,TMEM115
2269,TAF12
2270,CLDND2
2271,CHAMP1
2272,ATPAF1
2273,ELL2
2274,DNAJB9
2275,SH3GLB2
2276,CDC45
2277,RHOBTB2
2278,GFPT1
2279,AMDHD1
2280,TMX3
2281,CDK9
2282,WDR43
2283,STC2
2284,KCNIP3
2285,TMEM173
2286,SLC31A1
2287,BNIP1
2288,PSMA6
2289,SLC22A9
2290,RASSF3
2291,CLDN10
2292,PGAP2
2293,TNFSF4
2294,CXADR
2295,ADSL
2296,CERS2
2297,IPO8
2298,DNAJB11
2299,MFSD5
2300,PSMC2
2301,PSPC1
2302,AOC1
2303,PHOX2A
2304,TPX2
2305,SEPT10
2306,ASS1
2307,CNOT8
2308,LAMC2
2309,MCMBP
2310,NLRX1
2311,HIST1H3B
2312,CNOT11
2313,ZBTB7A
2314,FAR1
2315,ZNF76
2316,SPHK2
2317,TLR2
2318,CLCN3
2319,HAMP
2320,CYP2C18
2321,PFN1
2322,BIN2
2323,EIF5B
2324,LGALS3BP
2325,AQP10
2326,ENTPD5
2327,BOP1
2328,INO80E
2329,PNPT1
2330,ATP8A1
2331,DGAT1
2332,SYNE4
2333,XRCC1
2334,MAN1C1
2335,LRP5
2336,GLRX2
2337,ESF1
2338,AKIP1
2339,OSBP2
2340,FEZF1
2341,CXCL2
2342,DDOST
2343,MAK16
2344,SHISA3
2345,CERCAM
2346,APOBEC3G
2347,EPHA1
2348,VAMP5
2349,CD69
2350,RPS11
2351,FARSA
2352,ORM1
2353,KDELR2
2354,BRPF3
2355,PTBP1
2356,FOXO1
2357,IL7R
2358,CRTC2
2359,EIF1AY
2360,CDC27
2361,EGLN1
2362,MGAT4A
2363,SEPT11
2364,LCK
2365,ESRP2
2366,SIRPA
2367,LRIF1
2368,MFGE8
2369,SPARCL1
2370,NUDT8
2371,RGS14
2372,ADORA3
2373,MTERF3
2374,RPL26
2375,CD74
2376,FZD2
2377,BST1
2378,SPEN
2379,PSMD3
2380,DYNC1LI1
2381,ALDH1A1
2382,SERINC2
2383,FAM173A
2384,STOM
2385,TMEM63B
2386,CRISP3
2387,TMEM159
2388,PLCD1
2389,DPYS
2390,ZNF316
2391,RNH1
2392,COPS8
2393,CCHCR1
2394,MVP
2395,SS18
2396,NAMPT
2397,RPL26L1
2398,MCTS1
2399,LGALS3
2400,ARG2
2401,FMOD
2402,TARBP1
2403,SAA1
2404,AK4
2405,ZNF655
2406,AHNAK
2407,SLC15A3
2408,PALMD
2409,DSC2
2410,ORM2
2411,RHOA
2412,MYL6
2413,HID1
2414,HECTD3
2415,UBA3
2416,BET1L
2417,TBL1X
2418,PTPN2
2419,TMEM184B
2420,SURF6
2421,SEMA4G
2422,ORMDL1
2423,ZIC2
2424,HBE1
2425,COL4A3BP
2426,POP5
2427,PDE4A
2428,NUDT14
2429,SCUBE2
2430,CDKN2B
2431,SCAMP5
2432,SMG7
2433,TMEM70
2434,PIK3R1
2435,GMDS
2436,CAPZA1
2437,TRAPPC8
2438,SRSF9
2439,PRKAA2
2440,EIF4G1
2441,BLVRA
2442,HMGCR
2443,CDC42BPA
2444,TMBIM4
2445,TJP1
2446,CSTF2
2447,RGS1
2448,SYAP1
2449,TAB3
2450,BIN1
2451,B3GNT2
2452,HSD11B2
2453,GPI
2454,DLAT
2455,LYPD1
2456,DNER
2457,SPPL3
2458,TIMM10
2459,ZMYND8
2460,UPK3A
2461,PLSCR1
2462,ARF4
2463,LPCAT2
2464,NDUFV3
2465,TPM1
2466,BAG5
2467,ADK
2468,SERPINC1
2469,SGTA
2470,UBD
2471,PTOV1
2472,LRRC25
2473,NUP188
2474,AES
2475,IGFBP1
2476,SLC25A11
2477,CERS4
2478,TLR4
2479,HEATR1
2480,TPBG
2481,NRM
2482,NCKAP1
2483,GGH
2484,CYCS
2485,HIPK2
2486,SFN
2487,AP1AR
2488,PPM1B
2489,APOLD1
2490,PAFAH1B1
2491,PRLR
2492,ACSM5
2493,CCNL1
2494,CD109
2495,KIF20A
2496,SULT2B1
2497,C8A
2498,APOO
2499,NIP7
2500,CASP1
2501,KHK
2502,H3F3B
2503,C1GALT1
2504,CFH
2505,PHB2
2506,BTNL9
2507,CCAR1
2508,TMEM245
2509,DPM2
2510,CREB3
2511,ITGAL
2512,MLLT6
2513,CSNK2A1
2514,ATG4B
2515,VAMP3
2516,NOA1
2517,UQCRFS1
2518,ATP6V1D
2519,CD4
2520,RASA1
2521,DAPK3
2522,CHL1
2523,ECI1
2524,FXR1
2525,PLXDC2
2526,CARS2
2527,TMEM50B
2528,NABP2
2529,SYT13
2530,JAM2
2531,NPLOC4
2532,MIEN1
2533,VCAN
2534,UPK1A
2535,UNC5CL
2536,WNT3
2537,TUBGCP2
2538,IRS1
2539,MRPL4
2540,ZNF518A
2541,USP11
2542,CNP
2543,UBR5
2544,AIFM1
2545,SCNM1
2546,TTR
2547,CGA
2548,DPP9
2549,NR1I2
2550,CCR7
2551,CROT
2552,RGS19
2553,KLK4
2554,SHKBP1
2555,BID
2556,COX7A2
2557,PGRMC2
2558,GNPNAT1
2559,HSPB7
2560,CHST7
2561,KRT13
2562,SLC6A2
2563,SGCA
2564,TIMM17B
2565,STXBP3
2566,ISOC2
2567,MRPL45
2568,TXNDC16
2569,ZER1
2570,NDUFB7
2571,IL16
2572,UGCG
2573,TSPAN31
2574,GDE1
2575,CAP2
2576,FERMT3
2577,CYP3A5
2578,TRIM16L
2579,RNF40
2580,EMP2
2581,CXCL6
2582,SLC22A17
2583,AXL
2584,NOC4L
2585,UNC5A
2586,ASRGL1
2587,DDO
2588,ZNF672
2589,EDAR
2590,ZNF205
2591,DTNBP1
2592,PMP22
2593,HPRT1
2594,ARFIP1
2595,PAIP1
2596,PSAP
2597,POLR3H
2598,MED18
2599,KLHL24
2600,DYM
2601,TXNL1
2602,TMEM176B
2603,GTF2A2
2604,RAD9A
2605,FJX1
2606,XRCC4
2607,NGDN
2608,ABCC11
2609,KISS1
2610,PTPRU
2611,OVOL2
2612,THBD
2613,ARHGEF17
2614,PREX1
2615,NME4
2616,CAMK2G
2617,TCEAL8
2618,HAT1
2619,NDUFB4
2620,HMGN1
2621,ACOT4
2622,PPIG
2623,ZNF512B
2624,BYSL
2625,HIST1H3H
2626,BTN3A3
2627,CLTCL1
2628,SULF2
2629,LIG1
2630,SEMA3F
2631,FAM120A
2632,CRYM
2633,MLH1
2634,COPS6
2635,SI
2636,VPS16
2637,NSMCE2
2638,SCYL1
2639,ITLN2
2640,HNRNPD
2641,STAB1
2642,SUSD2
2643,SCAMP2
2644,SPTBN2
2645,RERG
2646,A2M
2647,GOLT1B
2648,TCF7L2
2649,FGF3
2650,SRSF7
2651,CYTH3
2652,GNL2
2653,RRM1
2654,MAP7
2655,ZNF512
2656,MAFG
2657,RHBDD3
2658,FAM129B
2659,HSPG2
2660,ICAM2
2661,FPR1
2662,NOP10
2663,TMEM30B
2664,UBE4B
2665,ARHGAP24
2666,TECPR1
2667,TMEM33
2668,NDUFV1
2669,SLC26A3
2670,LRP11
2671,CRCP
2672,PCNP
2673,SERHL2
2674,RPS6KA4
2675,PCTP
2676,TMEM184C
2677,SLC38A7
2678,FHL3
2679,KCTD6
2680,ZNF593
2681,SCCPDH
2682,RBFA
2683,ARID4A
2684,GHRHR
2685,OFD1
2686,ZNF865
2687,SFXN2
2688,HBA2
2689,SNAP25
2690,ACLY
2691,MLEC
2692,MRPL33
2693,RHOT2
2694,ENDOD1
2695,HAPLN1
2696,HSP90AB1
2697,TMEM185B
2698,GLTP
2699,RPL22
2700,TBPL1
2701,TNFRSF25
2702,PGAP3
2703,FSCN1
2704,RNASEH2C
2705,NCKAP1L
2706,RPP40
2707,STAR
2708,GRK6
2709,HOXA3
2710,CYP3A4
2711,FOSB
2712,ATP6V1B2
2713,PSMB3
2714,SLC39A6
2715,GIT1
2716,CCL3
2717,ING1
2718,VWCE
2719,FTH1
2720,CHEK2
2721,DVL3
2722,BROX
2723,IRF2
2724,RAI1
2725,GTF2I
2726,ME1
2727,TPT1
2728,ADPRHL2
2729,ZNF331
2730,HCLS1
2731,GFM1
2732,ARHGEF10L
2733,MCCC2
2734,IFT27
2735,RAC3
2736,RPS19
2737,ITGA9
2738,LAPTM4A
2739,LHX3
2740,COPG1
2741,PPP1R13B
2742,WRB
2743,TRMU
2744,OXSM
2745,CCDC115
2746,GIPC1
2747,SLC25A30
2748,TGFBR1
2749,SULT4A1
2750,HIST2H2BE
2751,EEFSEC
2752,MS4A7
2753,NPTN
2754,DUSP23
2755,AKTIP
2756,LRG1
2757,DDX50
2758,CLEC14A
2759,HPS6
2760,HSD17B10
2761,KRT86
2762,WIPI2
2763,CLDN18
2764,PMEPA1
2765,ABCA5
2766,PARP4
2767,PIP4K2B
2768,NLN
2769,MMP2
2770,LTBR
2771,CISD3
2772,DDX6
2773,ATF5
2774,SLCO4A1
2775,PDE3B
2776,BABAM1
2777,CES4A
2778,CYP4X1
2779,ASPHD1
2780,P2RY13
2781,CPOX
2782,THEM6
2783,RAMP3
2784,PLD3
2785,AARS2
2786,AKT2
2787,RUVBL2
2788,CAV2
2789,EP300
2790,PRKAR2B
2791,TMEM175
2792,HOXB2
2793,HADHA
2794,HCCS
2795,SERPING1
2796,PARVB
2797,PPP1R8
2798,HSD3B1
2799,PAIP2B
2800,CMTM8
2801,FANCE
2802,S1PR3
2803,NEK3
2804,DHRS9
2805,RNF7
2806,CALCOCO1
2807,CSAD
2808,GCDH
2809,SEMA3B
2810,EXOSC3
2811,AKNA
2812,NFRKB
2813,CDK4
2814,COL10A1
2815,GTF2B
2816,ARPC1B
2817,THRB
2818,ESRRG
2819,TCL1A
2820,TSPAN14
2821,FMO2
2822,CLTA
2823,NDC80
2824,STX8
2825,GLI4
2826,SEC61A1
2827,NECAP2
2828,STEAP1
2829,ZBTB22
2830,DHX58
2831,FGF19
2832,JMJD6
2833,NOB1
2834,GIMAP8
2835,HLX
2836,TSEN15
2837,LAMP2
2838,PGF
2839,RARA
2840,ACTR5
2841,ENTPD7
2842,HCN2
2843,METTL7A
2844,AQP3
2845,SLC4A4
2846,ALKBH7
2847,CENPH
2848,FBN1
2849,NME3
2850,IKZF5
2851,TRDN
2852,ACADVL
2853,WLS
2854,DYNC1I2
2855,NIN
2856,NOX1
2857,METTL18
2858,RP2
2859,PIP4K2C
2860,ZNF787
2861,POMGNT1
2862,VEGFA
2863,MAP4K4
2864,SIGLEC10
2865,QPCT
2866,SEC23A
2867,NUDT9
2868,MYBL1
2869,KLHL5
2870,RPL17
2871,PKHD1
2872,KPNA1
2873,GSKIP
2874,ZNF581
2875,P2RY8
2876,RPA1
2877,HSP90AA1
2878,NLE1
2879,LHPP
2880,WDR34
2881,AGTR1
2882,FOXA2
2883,GPD2
2884,GNAQ
2885,RGS5
2886,ACTL6A
2887,AFF3
2888,PDHB
2889,SYNCRIP
2890,HLA-B
2891,SET
2892,CHODL
2893,OPLAH
2894,CHGB
2895,SNRPA
2896,GMPR2
2897,TRIM28
2898,PKD2
2899,SRC
2900,HPS4
2901,MRI1
2902,CES3
2903,B3GNT5
2904,KRTAP5-6
2905,AR
2906,FXYD3
2907,ERCC3
2908,SLC41A3
2909,CSTF2T
2910,PDIA5
2911,VAPA
2912,UGT1A1
2913,BBOX1
2914,IFIH1
2915,ST3GAL1
2916,MAL2
2917,MFAP2
2918,EHD4
2919,SEC11C
2920,CAPN2
2921,POR
2922,EIF6
2923,TCEA3
2924,RET
2925,SPINK4
2926,TRPV2
2927,GP1BA
2928,GATM
2929,LONP2
2930,RPSA
2931,SEC24B
2932,LAMB1
2933,AMD1
2934,VPS26B
2935,LAP3
2936,NFXL1
2937,SFRP2
2938,GLIS3
2939,CELF1
2940,TEX261
2941,CAPZB
2942,PTMA
2943,NUP88
2944,TSTA3
2945,MED16
2946,ACTR1B
2947,TSN
2948,SLCO2B1
2949,ABI1
2950,SMDT1
2951,TCF12
2952,UQCRC2
2953,DEDD2
2954,GBP7
2955,FEN1
2956,ZDHHC8
2957,ATF1
2958,INF2
2959,SGSH
2960,FOXN3
2961,TMEM177
2962,BLOC1S1
2963,INSR
2964,ZMYM3
2965,APEH
2966,OBSL1
2967,GAST
2968,MEIS2
2969,NPM1
2970,CADM1
2971,ORMDL2
2972,GAS2
2973,ALPI
2974,GNG4
2975,SERF2
2976,RRAS
2977,NUDT21
2978,SMC1A
2979,KCTD5
2980,SNRNP70
2981,SYNE2
2982,AP4M1
2983,RNASE2
2984,ACAT1
2985,ABAT
2986,LRRC3
2987,GPAM
2988,PEX19
2989,SLC25A20
2990,PCSK1N
2991,FAXDC2
2992,PMF1
2993,SIRT6
2994,APOE
2995,FYTTD1
2996,PFDN2
2997,F2
2998,MTMR12
2999,MYH3
3000,FST
3001,JTB
3002,AHCYL1
3003,DEGS1
3004,PEG3
3005,DQX1
3006,DHRS7B
3007,ENG
3008,JAG2
3009,ARFGEF2
3010,HOOK1
3011,FGF1
3012,MT1B
3013,BTNL3
3014,TMEM63A
3015,CST5
3016,EFEMP1
3017,PARP10
3018,AHCTF1
3019,SLC38A3
3020,CTDSP2
3021,CSNK2B
3022,RBM14
3023,CDK2
3024,CTSV
3025,ZRSR2
3026,INSIG1
3027,HEBP1
3028,SEMA7A
3029,NDRG2
3030,NFX1
3031,CDC37L1
3032,AHSP
3033,HIP1
3034,PTRH2
3035,SERPINA12
3036,NPTXR
3037,PPA2
3038,RFK
3039,PMEL
3040,ARNTL2
3041,TSPAN7
3042,SLC6A1
3043,ISCA1
3044,GYG1
3045,RPS17
3046,OMG
3047,TMED3
3048,SOCS1
3049,NEFH
3050,FKBP1B
3051,WARS
3052,PTPN11
3053,GTF2E2
3054,KEL
3055,SLC50A1
3056,FZR1
3057,CS
3058,ADAMTS13
3059,SSX3
3060,CXCL5
3061,PJA2
3062,SPAG7
3063,DNASE1L3
3064,PLEKHA2
3065,PPP1CC
3066,SLC22A23
3067,SYNGR2
3068,UQCRH
3069,TMEM45A
3070,USP39
3071,GZMH
3072,IFNAR2
3073,FMO3
3074,MYCL
3075,DIRAS1
3076,FAAH
3077,EPRS
3078,PPIL2
3079,AK3
3080,SPRY4
3081,NAGA
3082,SCTR
3083,NHP2
3084,LMNB2
3085,ARL3
3086,DSTN
3087,EXOSC2
3088,PPP1R16A
3089,ADD3
3090,SUPV3L1
3091,IKBKE
3092,CA3
3093,ANKH
3094,KLF15
3095,ANKRA2
3096,NDUFA11
3097,ETS2
3098,TMEM50A
3099,RAPGEF4
3100,CCT8
3101,ZHX3
3102,TIA1
3103,GPX2
3104,DGCR6L
3105,MORF4L1
3106,PTPN23
3107,GADD45B
3108,SUDS3
3109,NDUFC1
3110,SAT2
3111,TLCD2
3112,STOML2
3113,TNFAIP8
3114,DACT2
3115,HIST1H4E
3116,TNP1
3117,PON2
3118,PRMT5
3119,ARHGAP12
3120,HIST3H2A
3121,SUN2
3122,SLC35A2
3123,HIST1H2BK
3124,CBX6
3125,FRG1
3126,ZBTB4
3127,HIST1H2AG
3128,GRWD1
3129,MYC
3130,ZNF184
3131,MAP3K11
3132,KRT80
3133,UTP14C
3134,RCC2
3135,FDFT1
3136,LIN7C
3137,IQGAP3
3138,TRAPPC6B
3139,GAR1
3140,LAMA4
3141,SMIM14
3142,DHTKD1
3143,CD3D
3144,PSMG2
3145,TIMM8B
3146,THAP11
3147,ZNF784
3148,NAP1L4
3149,SPATS2
3150,HDLBP
3151,TRIM9
3152,TUT1
3153,RFTN1
3154,CNTN1
3155,SLAMF6
3156,NCL
3157,MAP3K8
3158,LOX
3159,RPUSD4
3160,PTP4A1
3161,RAB11FIP3
3162,CDH5
3163,MLXIPL
3164,MCCC1
3165,PRPF4
3166,KIFC2
3167,SH3D19
3168,RTL1
3169,HIST1H1E
3170,CDC73
3171,ITGA5
3172,FPGT
3173,YRDC
3174,TRIB2
3175,DCN
3176,CCT7
3177,ZBTB17
3178,AQP4
3179,APBB1
3180,STAU1
3181,MAPK6
3182,NUMA1
3183,RPS19BP1
3184,LMAN2L
3185,CPT1A
3186,PMVK
3187,MRPL21
3188,PLXNA1
3189,XRCC6
3190,SCMH1
3191,GPT2
3192,GGNBP2
3193,TMEM14C
3194,SSRP1
3195,UQCC2
3196,TIMP2
3197,XIAP
3198,PDCD10
3199,FCGR3A
3200,AKR1B1
3201,MATN4
3202,ST14
3203,UBN1
3204,ADCK2
3205,CNKSR1
3206,REEP4
3207,B9D2
3208,TRAM1
3209,MST1R
3210,PTGDS
3211,TRIM54
3212,KIF18B
3213,RPS21
3214,GRID1
3215,SOX18
3216,TRAF7
3217,FCER1G
3218,MED12
3219,ITGB1BP1
3220,ZFAND2B
3221,KCTD2
3222,PRPF38A
3223,RAP2B
3224,UPF3B
3225,UHMK1
3226,MAP2K6
3227,GPRC5B
3228,APLNR
3229,ACTL8
3230,ATP13A2
3231,BTBD10
3232,COX19
3233,PSMC3
3234,ALDH6A1
3235,RGS2
3236,RPL35A
3237,MPV17
3238,GMPPA
3239,ATL2
3240,VLDLR
3241,MYL9
3242,ASL
3243,RANGAP1
3244,PHLDB2
3245,ITGB5
3246,BAIAP2
3247,ITGAM
3248,CD59
3249,RPL4
3250,E4F1
3251,MRPL43
3252,LIFR
3253,TES
3254,ZC3H7B
3255,ZC3H12A
3256,RAP1B
3257,ADSS
3258,TDO2
3259,TNFRSF4
3260,MMP7
3261,AQP5
3262,SH3BP1
3263,TALDO1
3264,FOSL2
3265,BRCC3
3266,RALA
3267,PAK1IP1
3268,SUPT4H1
3269,CEBPB
3270,CLEC2D
3271,ADCK5
3272,NACC2
3273,CEMIP
3274,YWHAG
3275,CRELD2
3276,NDUFA4
3277,ETS1
3278,PLEKHB2
3279,PARVA
3280,UCK1
3281,SCD5
3282,CDS1
3283,JAK3
3284,CLDN11
3285,HOMER2
3286,SCO2
3287,COPS3
3288,SPC24
3289,IGF2BP1
3290,UXT
3291,TCFL5
3292,CD40
3293,ALDH2
3294,GNA14
3295,NDUFS1
3296,ZSWIM7
3297,CNDP1
3298,RPL37A
3299,NR2C2AP
3300,PNPLA6
3301,CA5B
3302,COG2
3303,BCCIP
3304,PPP3CB
3305,UBE2Q2
3306,FYCO1
3307,MUC3A
3308,UBA2
3309,MTG1
3310,MCAT
3311,THOC5
3312,CSPP1
3313,TRIM63
3314,POLE
3315,PODN
3316,TUSC3
3317,POLM
3318,NMI
3319,IARS2
3320,HLA-DOB
3321,WNT2B
3322,SLC16A13
3323,NSA2
3324,SMARCB1
3325,SLC25A39
3326,CRLF1
3327,TTBK1
3328,CORO1A
3329,HEXB
3330,S100A9
3331,SNX17
3332,UBE2K
3333,POLDIP3
3334,IGF1
3335,FAM189B
3336,TSR1
3337,RPLP2
3338,TPRN
3339,USP10
3340,PLA2G1B
3341,GLA
3342,LAMB2
3343,ORC3
3344,LIPG
3345,MGP
3346,CAMK2N2
3347,OASL
3348,S100A7
3349,ACP1
3350,LACTB
3351,TULP3
3352,TRAPPC4
3353,NCOA2
3354,SSTR1
3355,ARV1
3356,CAV1
3357,UPRT
3358,AMIGO2
3359,RNF138
3360,PSMD8
3361,SMAGP
3362,HSD17B8
3363,FAM136A
3364,GNAZ
3365,HCST
3366,PCDH1
3367,TSPAN12
3368,RPLP1
3369,PLTP
3370,SKI
3371,GUF1
3372,CDX1
3373,GPRC5C
3374,NECAP1
3375,RCN2
3376,SLC16A4
3377,PPP1R13L
3378,NCOA3
3379,ASCL2
3380,CREBL2
3381,SNX11
3382,TADA1
3383,KANSL3
3384,ALOX5
3385,MMS19
3386,FBXL3
3387,FITM2
3388,HMOX1
3389,SPTLC3
3390,SNN
3391,SLC22A11
3392,ZNF644
3393,ZDHHC5
3394,WBP1L
3395,AMOTL1
3396,SRI
3397,TMEM184A
3398,MPP1
3399,ARPC5
3400,FAM84B
3401,LINGO1
3402,SFXN1
3403,STK24
3404,BCHE
3405,CIC
3406,ZMAT2
3407,LARP7
3408,CLDN7
3409,DOT1L
3410,LCP2
3411,PIGT
3412,SLC47A1
3413,TADA3
3414,ORAI2
3415,HGD
3416,FZD4
3417,MRPL2
3418,MPC2
3419,ACSM2B
3420,MRPL50
3421,GATC
3422,COPB1
3423,LIG4
3424,LTV1
3425,UACA
3426,PNPLA3
3427,CUL2
3428,CHID1
3429,PALLD
3430,B2M
3431,BLNK
3432,CDC42EP2
3433,RAB17
3434,SHH
3435,EVC
3436,SAR1B
3437,CHST9
3438,SEPT2
3439,APOC1
3440,EIF2S2
3441,NOS2
3442,MUC12
3443,YIF1B
3444,EFNB3
3445,ZNF436
3446,BCL6
3447,PSMA3
3448,DDB2
3449,ABCG8
3450,CPN2
3451,RBBP9
3452,TSEN34
3453,SPRYD4
3454,SP1
3455,C1S
3456,DYNLRB1
3457,FRAT1
3458,ANXA11
3459,ATP11C
3460,CBX7
3461,KCTD12
3462,MUCL1
3463,SLFN11
3464,ITIH4
3465,SART3
3466,HOXA5
3467,CYBA
3468,RPS3
3469,IFRD1
3470,TRAPPC12
3471,PLK1
3472,AKR1C4
3473,STAG2
3474,SON
3475,PDX1
3476,CHMP4B
3477,CLMN
3478,SEL1L3
3479,IL20RB
3480,AVIL
3481,SSR2
3482,EIF4G2
3483,FLII
3484,ISYNA1
3485,MBD1
3486,PPP2R1B
3487,R3HDM2
3488,HERPUD1
3489,EMP3
3490,ACVR1
3491,EXOSC1
3492,EI24
3493,MIF4GD
3494,RAB7A
3495,SNX6
3496,GPD1L
3497,GALNT2
3498,SLC46A1
3499,PRKCA
3500,PLEKHO1
3501,SIRT7
3502,ZNF219
3503,SKIV2L
3504,DTX4
3505,MXD4
3506,SNX2
3507,CASP7
3508,CIR1
3509,OGG1
3510,CCPG1
3511,RASGRP2
3512,HP
3513,NLRP2
3514,OSTM1
3515,PLOD2
3516,MRC2
3517,PGS1
3518,SPECC1L
3519,LHX2
3520,ATP6V0A1
3521,GTPBP1
3522,HLA-DRB1
3523,UTP18
3524,RTN4
3525,REG1B
3526,FURIN
3527,A1CF
3528,EMC8
3529,TRIM68
3530,RAB36
3531,BMI1
3532,MRPS10
3533,FKBP5
3534,TAS1R3
3535,VIP
3536,UBE3C
3537,VWA1
3538,NNT
3539,RSPRY1
3540,RPL30
3541,SNX25
3542,FAM110B
3543,LRSAM1
3544,GALK1
3545,SNRPD1
3546,ANO1
3547,HOXB9
3548,COMTD1
3549,KRT14
3550,CASP3
3551,RPL6
3552,COMT
3553,RASSF9
3554,SF1
3555,PHF19
3556,HAUS7
3557,NSMF
3558,SNX12
3559,UXS1
3560,PAPSS1
3561,ERAP1
3562,SERPINH1
3563,SETD2
3564,VCL
3565,TMEM88
3566,MXI1
3567,EPS15
3568,NOTUM
3569,S1PR2
3570,MAFA
3571,ACKR1
3572,RHOBTB3
3573,FRZB
3574,MYO1E
3575,MGST2
3576,PTBP3
3577,THOC7
3578,RBM8A
3579,SOST
3580,BACE2
3581,SLC25A4
3582,PIM1
3583,MRFAP1
3584,ARHGEF40
3585,SLC2A3
3586,IFNLR1
3587,SLC4A1
3588,TRIOBP
3589,EPS8L3
3590,S100A13
3591,ABHD1
3592,NRSN2
3593,FBLL1
3594,TAF6L
3595,CSNK1G3
3596,ALG8
3597,MFAP4
3598,SYPL2
3599,PIK3IP1
3600,GLUL
3601,PLXND1
3602,TMEM43
3603,GOLGA8B
3604,LSP1
3605,NEK9
3606,TSPAN17
3607,EPN1
3608,DNAJC14
3609,RNF144A
3610,PHLDA3
3611,CBR1
3612,SMARCA4
3613,TESC
3614,NCK1
3615,PPP2R5E
3616,GATAD2B
3617,CAMSAP2
3618,PINX1
3619,PPA1
3620,PLAT
3621,CFI
3622,MRPS34
3623,FAIM
3624,MFSD6
3625,DNAJC10
3626,PPP6C
3627,EFHD2
3628,NUPR1
3629,ARHGAP36
3630,SULT1A1
3631,RPRD1B
3632,KRTCAP3
3633,SDCBP2
3634,GPS1
3635,ABTB1
3636,PEBP4
3637,OPTN
3638,CYP11B2
3639,S100A4
3640,TRIM14
3641,MSTO1
3642,SPTSSB
3643,PKN3
3644,PDZK1IP1
3645,HYAL3
3646,HLF
3647,RBBP6
3648,PSME4
3649,HSPA2
3650,RPN1
3651,PDLIM1
3652,TIMM13
3653,PLEKHM2
3654,FBXL5
3655,PPP1R3F
3656,COQ10A
3657,TPRA1
3658,BAAT
3659,MEF2D
3660,ERCC2
3661,TUBA4B
3662,IGBP1
3663,UBE2F
3664,ACSL3
3665,SSTR2
3666,GJB6
3667,TNFAIP1
3668,REEP2
3669,VDAC1
3670,B4GALT5
3671,DYNLT3
3672,POMGNT2
3673,ADPGK
3674,FIS1
3675,TPPP
3676,ANAPC16
3677,MARCH6
3678,SLC35C1
3679,MXRA7
3680,SPG21
3681,NDUFA6
3682,GAS7
3683,CD47
3684,USP16
3685,ALG12
3686,TGFB3
3687,MATN2
3688,DLX5
3689,MAU2
3690,NDUFA12
3691,CUL7
3692,AGAP3
3693,ACTR1A
3694,DNAJC19
3695,PLIN5
3696,PITPNM2
3697,EMC4
3698,RABL6
3699,ABCA4
3700,DUSP12
3701,TXNRD2
3702,ANXA7
3703,CHST8
3704,WDR5
3705,ANKRD27
3706,BAD
3707,AAMP
3708,EHBP1
3709,TRPC4AP
3710,IL4R
3711,TMEM123
3712,KIF12
3713,RCBTB1
3714,DGAT2
3715,BIRC7
3716,UBXN4
3717,MARS
3718,HIST1H2AE
3719,COL18A1
3720,BRI3BP
3721,KCNAB2
3722,ICAM1
3723,SIVA1
3724,ETNK1
3725,LMAN1
3726,ITPR2
3727,NASP
3728,SLC4A1AP
3729,CNTNAP2
3730,DVL2
3731,RSAD1
3732,WFS1
3733,PDE3A
3734,TMEM69
3735,CALM3
3736,GTF2F2
3737,MGAT5
3738,CROCC
3739,GATA6
3740,SNRPD3
3741,HADHB
3742,HSPB8
3743,SLC6A9
3744,GSTA1
3745,HERC6
3746,SHPK
3747,NNMT
3748,KRT19
3749,MIF
3750,RING1
3751,GYS2
3752,LEO1
3753,LMNA
3754,GTSE1
3755,RBM17
3756,CYB5D2
3757,RRAS2
3758,YIPF2
3759,POLE2
3760,CWC22
3761,POLR2A
3762,TRIM2
3763,PDCD2L
3764,DNAJC11
3765,PPP1R14A
3766,SLC38A4
3767,ILDR1
3768,DNAJA2
3769,CX3CL1
3770,ACKR2
3771,ITGAD
3772,TBXAS1
3773,HPS1
3774,RHBDD2
3775,RPS3A
3776,MUC5B
3777,METRNL
3778,AKAP7
3779,RANGRF
3780,KIF1C
3781,UBE2D2
3782,PPFIA1
3783,FZD6
3784,NDRG4
3785,ARL4D
3786,IMPAD1
3787,MAGED1
3788,SMC3
3789,RIPK2
3790,GMEB2
3791,AP3D1
3792,CSRNP2
3793,KCNQ1
3794,RND3
3795,MGST1
3796,SAP130
3797,RUNX2
3798,ZNF330
3799,ALDH4A1
3800,RPS12
3801,RAB32
3802,UNC93B1
3803,NID1
3804,BEX1
3805,METTL23
3806,MYD88
3807,ALG1
3808,SYNGR1
3809,HNF4G
3810,LEPROTL1
3811,AQP8
3812,HADH
3813,UNC45A
3814,TMCO3
3815,COL14A1
3816,DDRGK1
3817,ACSS1
3818,UTP14A
3819,ZDHHC18
3820,MBD3
3821,HS2ST1
3822,FTL
3823,OLFM1
3824,CD302
3825,CCNL2
3826,NR1I3
3827,RPL31
3828,KCNJ8
3829,SLAMF8
3830,DFFA
3831,HLA-DMA
3832,PACS2
3833,IRX6
3834,SLC51B
3835,ATP8B1
3836,ALDH9A1
3837,NCAM1
3838,PM20D1
3839,MRPL32
3840,LTBP4
3841,PUS1
3842,SSNA1
3843,MCM2
3844,KRT20
3845,PTPRN2
3846,COL6A3
3847,WDFY1
3848,UCHL5
3849,PGRMC1
3850,APOF
3851,ATP1A3
3852,FOPNL
3853,SULT1C2
3854,DST
3855,DALRD3
3856,ANGPT2
3857,CHI3L1
3858,LRP6
3859,RBM3
3860,XPR1
3861,ARFIP2
3862,PIP5K1A
3863,ALAD
3864,ACTG1
3865,TMBIM1
3866,SLC2A9
3867,FDX1
3868,FAM171A1
3869,DNAJA1
3870,ADORA1
3871,COA6
3872,GLI2
3873,ST3GAL4
3874,TLE2
3875,ASGR2
3876,DGKZ
3877,TXLNA
3878,TSPAN4
3879,RLIM
3880,MPDU1
3881,ARF6
3882,ABHD17A
3883,MED30
3884,COX6C
3885,ASCL1
3886,RPP21
3887,ITPKC
3888,LARP6
3889,DPM3
3890,B4GALNT1
3891,JPH2
3892,TXN
3893,NADK2
3894,CDC5L
3895,AIM2
3896,ZBTB2
3897,SPTA1
3898,MGME1
3899,PADI1
3900,CDK14
3901,ACVR1B
3902,PPP2R1A
3903,VDAC2
3904,PCDHB5
3905,VKORC1
3906,NQO1
3907,DCTN3
3908,HSD17B14
3909,STXBP2
3910,PLA2G7
3911,RHOBTB1
3912,TXNDC12
3913,ARID5B
3914,GPBP1
3915,PRH2
3916,EIF2S3
3917,WIPI1
3918,PCCA
3919,PPP1CA
3920,RFC3
3921,IL17RE
3922,TNKS2
3923,SESN2
3924,INO80B
3925,HSD17B1
3926,GRHPR
3927,CEBPA
3928,RNFT1
3929,DUSP9
3930,BCL2A1
3931,DBH
3932,NRCAM
3933,ATP6V1A
3934,MRVI1
3935,ASXL1
3936,ACTR3
3937,RPL10A
3938,RBPMS
3939,NR4A1
3940,ANP32B
3941,LARS2
3942,EVI2A
3943,MPI
3944,TFIP11
3945,ZNF281
3946,SLC38A10
3947,NFIB
3948,CARD10
3949,MYO1A
3950,TBC1D20
3951,EIF3A
3952,CRELD1
3953,DHRS4
3954,HIP1R
3955,PATZ1
3956,P4HB
3957,MPG
3958,PPIL1
3959,NOL11
3960,SLC12A2
3961,PICK1
3962,MSH2
3963,HINT2
3964,ARF1
3965,ESPN
3966,ACACB
3967,SHISA4
3968,ABCB11
3969,GPX1
3970,PAN2
3971,ZNF48
3972,NUP93
3973,NDRG1
3974,TBCC
3975,CTSG
3976,TRIM17
3977,APBB3
3978,DES
3979,GGT1
3980,BMP4
3981,PRSS3
3982,TRAPPC3
3983,XRCC5
3984,YIPF3
3985,PRPSAP2
3986,ANKRD17
3987,PNMA1
3988,CLCF1
3989,SLC1A2
3990,SLC4A3
3991,OSTF1
3992,TUBB2A
3993,RELN
3994,MRPS28
3995,RPL29
3996,NDUFS7
3997,ADAM33
3998,STAMBP
3999,HS6ST2
4000,GEMIN6
4001,PLEKHG5
4002,IGSF8
4003,PRKRA
4004,FCGR2A
4005,FOXQ1
4006,SPHK1
4007,UBA7
4008,SDCCAG8
4009,ACTA2
4010,SYNPO2
4011,ADH1B
4012,SNAI2
4013,LPL
4014,BTBD1
4015,DAXX
4016,RHBG
4017,GCC1
4018,BTNL8
4019,KLF11
4020,RMDN1
4021,FGD5
4022,HES1
4023,HDDC2
4024,DEAF1
4025,HDAC3
4026,ORMDL3
4027,PROS1
4028,MTA1
4029,SSR3
4030,COPB2
4031,TESK1
4032,VMA21
4033,DCAF6
4034,XCL2
4035,MYH11
4036,CTDNEP1
4037,DOK7
4038,ISCA2
4039,MRPL23
4040,CAD
4041,HIST1H2BJ
4042,STAC
4043,ACSM1
4044,JAGN1
4045,MAPKAPK2
4046,ABCB7
4047,CTRB1
4048,ZWINT
4049,SPAG9
4050,HSP90B1
4051,EFNB2
4052,COG5
4053,BCAP31
4054,CKB
4055,UBC
4056,MTFR1
4057,H1FX
4058,SFT2D1
4059,HINT3
4060,PCCB
4061,UCHL3
4062,DMBT1
4063,DNAJC8
4064,GSTP1
4065,ZNF524
4066,SDC2
4067,PDIA6
4068,TNFRSF1B
4069,THBS3
4070,DEPTOR
4071,PTGES3
4072,IQGAP2
4073,TSPAN10
4074,KYNU
4075,TMPRSS6
4076,ANKS1A
4077,SLAIN2
4078,UBE2I
4079,NID2
4080,MSLN
4081,ACSL5
4082,FKBPL
4083,ZNF513
4084,ADHFE1
4085,CITED1
4086,MRS2
4087,HLA-DPB1
4088,PEF1
4089,REPIN1
4090,NR1H2
4091,CD53
4092,RBP4
4093,NOL10
4094,MRAP2
4095,NTMT1
4096,SH2B3
4097,SLC16A14
4098,HLA-C
4099,AVEN
4100,NELFCD
4101,HMGB1
4102,EMC7
4103,CYP2A7
4104,CD82
4105,PAIP2
4106,IL17RB
4107,UBQLN1
4108,OLFM4
4109,SCML1
4110,ACADL
4111,GNPTG
4112,SNRPG
4113,PGPEP1
4114,DEPDC1B
4115,ATXN2L
4116,VPS35
4117,CEP68
4118,SDHB
4119,UQCRQ
4120,GJB2
4121,RHOB
4122,TCF3
4123,TLK1
4124,MFNG
4125,ISCU
4126,ZMIZ2
4127,CA2
4128,DHPS
4129,MPHOSPH8
4130,EVA1B
4131,EPHX1
4132,PPARD
4133,AHCYL2
4134,ZCRB1
4135,PIH1D1
4136,KDM8
4137,SMARCD2
4138,ZFP36
4139,ING4
4140,FZD9
4141,CCL19
4142,MAVS
4143,COX8A
4144,HPS3
4145,MARC2
4146,RBBP8
4147,THG1L
4148,CALCOCO2
4149,TUBB2B
4150,TRIM45
4151,FARSB
4152,ABCA2
4153,TMEM223
4154,PIGS
4155,CD164
4156,IDI1
4157,EIF2AK1
4158,CD151
4159,SLC6A3
4160,CORO1B
4161,STIP1
4162,CEACAM1
4163,HYAL1
4164,AIF1L
4165,IBTK
4166,CYP4F12
4167,KARS
4168,RCOR2
4169,SLC20A2
4170,TGOLN2
4171,POLH
4172,PNP
4173,TRAK2
4174,DIRAS2
4175,MT3
4176,PSRC1
4177,KLHL22
4178,SH3PXD2A
4179,CYGB
4180,DLST
4181,P4HA2
4182,DAPK2
4183,AQP1
4184,ANKRD37
4185,TOMM20
4186,HNMT
4187,PSMG1
4188,LPGAT1
4189,ARHGAP44
4190,STK10
4191,PKN1
4192,SLC16A7
4193,CASC3
4194,KRT7
4195,RTP4
4196,UBIAD1
4197,MED20
4198,MARCKS
4199,TMX1
4200,BICD2
4201,MBD4
4202,CEBPZ
4203,SUV39H1
4204,ATG101
4205,HYOU1
4206,TMC6
4207,TIMM50
4208,SLC25A25
4209,CSNK1A1
4210,SLC30A9
4211,TAF9
4212,SLC16A3
4213,ZBTB1
4214,MRPS9
4215,PAK2
4216,TGFBI
4217,SULT1B1
4218,POLD4
4219,PLCD3
4220,CLIC4
4221,HINT1
4222,FCER2
4223,FCRL3
4224,CBLN4
4225,CHRAC1
4226,NOSTRIN
4227,KLHL21
4228,RNF185
4229,F7
4230,MX1
4231,CPLX2
4232,MRPL16
4233,MYADM
4234,PDHA1
4235,BCAN
4236,RABEPK
4237,ATP7B
4238,PELP1
4239,CRBN
4240,MAGT1
4241,LARS
4242,SDF2L1
4243,COQ10B
4244,DYSF
4245,ZBTB33
4246,MRPS24
4247,PARL
4248,SRCAP
4249,NPC1
4250,TMPO
4251,CSGALNACT1
4252,MED21
4253,PRSS12
4254,MAP3K3
4255,TSEN54
4256,LRP3
4257,LBR
4258,FUNDC2
4259,TMED7
4260,ACTN2
4261,C6orf89
4262,PREPL
4263,GNPAT
4264,INHA
4265,RFC2
4266,MYL3
4267,SPAG4
4268,MSX1
4269,COPS2
4270,NDFIP1
4271,UBQLN2
4272,MMP14
4273,BAALC
4274,PRAME
4275,ATE1
4276,OCRL
4277,RAB25
4278,WDR44
4279,BAZ2A
4280,ZNF408
4281,EPOR
4282,GABRB3
4283,GORASP1
4284,CYP51A1
4285,GSTO1
4286,GGCX
4287,DMBX1
4288,CD81
4289,HS3ST3B1
4290,GNPTAB
4291,TGFBR3
4292,FOXP4
4293,BCL2L10
4294,RNASEH2A
4295,ABLIM1
4296,RRM2
4297,LSM7
4298,MOB2
4299,CRY1
4300,SKA2
4301,USE1
4302,ZNF703
4303,SP140L
4304,MAPKAP1
4305,C16orf70
4306,RPS6KB2
4307,CALD1
4308,SNX9
4309,LGR5
4310,ERGIC2
4311,MKNK2
4312,ACADM
4313,TUBB
4314,IP6K1
4315,KIF3C
4316,TRIM4
4317,SH3GLB1
4318,TIMD4
4319,PHYHIPL
4320,TAF15
4321,CCL21
4322,NFE2L3
4323,RARS
4324,PQLC1
4325,SURF4
4326,IPO13
4327,CDC42EP5
4328,PACS1
4329,FKBP1A
4330,SMPD4
4331,MTA2
4332,TNFRSF18
4333,MND1
4334,AGFG1
4335,ARID1A
4336,CRIPT
4337,TMEM140
4338,RCCD1
4339,HP1BP3
4340,NEDD4
4341,ACY1
4342,UBR4
4343,PAOX
4344,DHX9
4345,CCL5
4346,HIST1H2BH
4347,ATN1
4348,EVI2B
4349,GLS2
4350,OSTC
4351,RNF115
4352,RAB6A
4353,CLDN2
4354,CLDN3
4355,ZNF395
4356,CHST3
4357,SMARCA1
4358,FERMT1
4359,SCUBE3
4360,MYO9B
4361,FKBP9
4362,SGMS1
4363,PPBP
4364,MLXIP
4365,LSM10
4366,HNF1A
4367,USP1
4368,ADAMTS2
4369,TXNIP
4370,SOCS2
4371,ECHDC2
4372,GLT8D1
4373,SAMHD1
4374,CFD
4375,MRPL41
4376,STX6
4377,DLL4
4378,NUDT16L1
4379,HMOX2
4380,EGR2
4381,FMO1
4382,CCDC91
4383,TTYH1
4384,SLC6A12
4385,CDKN1C
4386,LRRC8B
4387,AGPAT5
4388,TCAP
4389,SSU72
4390,FEZ1
4391,NAT10
4392,PPARGC1A
4393,SPR
4394,GGA3
4395,SMG9
4396,ADAM12
4397,CEACAM5
4398,GAA
4399,DCTD
4400,APBB1IP
4401,PLEKHF2
4402,MEF2A
4403,ARL8A
4404,ACD
4405,NPHS1
4406,PAQR8
4407,WNT6
4408,PCM1
4409,PRDX6
4410,MRPL3
4411,NDUFB10
4412,POP4
4413,DMAP1
4414,MUC1
4415,AQP9
4416,ADCY1
4417,C6orf120
4418,WNT5A
4419,VANGL2
4420,SLC30A6
4421,FBXL14
4422,LSM8
4423,BSPRY
4424,SF3B2
4425,DDIT4L
4426,EAPP
4427,REXO4
4428,KCTD20
4429,MUS81
4430,RTN4RL1
4431,GPN1
4432,RRAGB
4433,ZNF770
4434,TOR1AIP1
4435,NFKBIZ
4436,STK17B
4437,ABCC9
4438,RAPSN
4439,TMEM246
4440,ATAD1
4441,RAB14
4442,CRYL1
4443,ARID5A
4444,DAGLB
4445,ATF7
4446,DNAJC1
4447,GFOD2
4448,SLC16A11
4449,RASL12
4450,RPS15
4451,TRAF4
4452,PCP4
4453,FZD5
4454,ZNF45
4455,LMBRD1
4456,CBX2
4457,CMPK1
4458,SEPT9
4459,IL17RA
4460,CD163
4461,AP1B1
4462,REG4
4463,NFKB2
4464,BACH1
4465,CSTA
4466,NPDC1
4467,TAB1
4468,UTP3
4469,GPC1
4470,SYT17
4471,YARS2
4472,FBXO25
4473,ANPEP
4474,MRPL47
4475,GALNT14
4476,TNNI2
4477,CLDN4
4478,CHPT1
4479,RASSF2
4480,SLC18B1
4481,PRPF39
4482,AP3S1
4483,DHCR24
4484,PGK1
4485,DDX19B
4486,HIST1H1C
4487,POLR2J
4488,STK16
4489,SCRIB
4490,RPS16
4491,CYTH2
4492,D2HGDH
4493,CDKN2D
4494,BCL3
4495,PIK3CB
4496,EXOC4
4497,MPEG1
4498,C1QC
4499,NDC1
4500,MRPS12
4501,MRPS6
4502,MAP1LC3A
4503,NDUFAF6
4504,TGFA
4505,GSTM3
4506,SLC22A1
4507,PSMD11
4508,NDUFA2
4509,SLC39A1
4510,SLC9A1
4511,RNF19B
4512,IFT80
4513,FKBP7
4514,HMGB3
4515,TMEM98
4516,B4GALT6
4517,OIP5
4518,CLEC11A
4519,MED9
4520,NAA10
4521,CX3CR1
4522,INHBC
4523,UFSP2
4524,ENC1
4525,FAM114A1
4526,SLC34A2
4527,NXT2
4528,GRPEL1
4529,FAM110C
4530,DAO
4531,CSNK1G2
4532,SACM1L
4533,BMPR2
4534,GALNT1
4535,COCH
4536,GOSR1
4537,HSF4
4538,MAD2L1BP
4539,DIP2B
4540,TBX4
4541,CCR5
4542,FBXO40
4543,ELMO2
4544,SFXN4
4545,TTPA
4546,ISOC1
4547,WIPF1
4548,CKLF
4549,PNRC2
4550,POLRMT
4551,ARHGAP5
4552,FAM20A
4553,MIPEP
4554,NUP50
4555,ANXA13
4556,PPP1R14C
4557,VPS37B
4558,ATF2
4559,NELL1
4560,LRRC45
4561,ARHGAP4
4562,GPR153
4563,FGF2
4564,KRT12
4565,XPO5
4566,SORBS3
4567,TKT
4568,CR2
4569,DIS3L
4570,CLTC
4571,ELF4
4572,CYB5A
4573,CIDEA
4574,PKM
4575,ELP2
4576,RAB8A
4577,B3GNT8
4578,CMKLR1
4579,BOD1
4580,RARS2
4581,NBR1
4582,TMEM41B
4583,RIOK1
4584,CST4
4585,PPID
4586,CD177
4587,C1orf43
4588,LILRB2
4589,FADS3
4590,SESN3
4591,SNX1
4592,IGFBP3
4593,PCSK6
4594,B3GALT2
4595,REEP6
4596,PIN4
4597,RBPJL
4598,PSAT1
4599,KMT2B
4600,ARHGEF7
4601,CD48
4602,DEFA3
4603,GZMA
4604,MTCH2
4605,FUCA1
4606,CYP2C8
4607,RAB3IP
4608,SMIM19
4609,NCAPG2
4610,ZNF467
4611,PRPF31
4612,NAA50
4613,CDH2
4614,MRPS18A
4615,CLDN5
4616,HIST1H2AD
4617,TFEB
4618,CXCL8
4619,PYCARD
4620,FEM1B
4621,FGG
4622,IPO9
4623,RAB11FIP4
4624,HNF4A
4625,PRR13
4626,SCNN1D
4627,APOC3
4628,FANCL
4629,STAP1
4630,THAP7
4631,CDH19
4632,MTX1
4633,MRPL51
4634,GART
4635,C4orf48
4636,PHYH
4637,PDK2
4638,F13B
4639,SHANK3
4640,POLR2L
4641,CDH15
4642,FBLN2
4643,RFC1
4644,COL2A1
4645,RB1
4646,EIF2B4
4647,BTBD2
4648,ITGA3
4649,ATP2C1
4650,PNPLA2
4651,PRKAB2
4652,SP5
4653,MAPK3
4654,NVL
4655,MAN1A1
4656,SHMT2
4657,OLFM2
4658,CHDH
4659,TMEM14B
4660,DRD1
4661,BAHD1
4662,TK1
4663,SP100
4664,RAPGEF1
4665,SLC5A11
4666,CCDC88B
4667,RPS2
4668,MARK3
4669,ECEL1
4670,VARS
4671,ZFR
4672,CBX3
4673,OST4
4674,TMEM199
4675,ZBTB16
4676,GUK1
4677,TMPRSS2
4678,NRBF2
4679,DDX5
4680,PLLP
4681,GIPR
4682,HSPB2
4683,CD2BP2
4684,LEFTY1
4685,MSI1
4686,TNFRSF12A
4687,DERL2
4688,BTF3
4689,JAZF1
4690,SH2D4A
4691,CBLC
4692,KCNJ4
4693,SNX3
4694,NR0B2
4695,CYP2C9
4696,LIN9
4697,NMB
4698,NDUFB11
4699,DOCK1
4700,NCF2
4701,SLC38A1
4702,RASIP1
4703,PTPRS
4704,USP47
4705,SOX7
4706,MYO18A
4707,GCFC2
4708,INTS10
4709,PSMD10
4710,MRM1
4711,MBIP
4712,NCAPD2
4713,DNAJC3
4714,SLC52A2
4715,NUP54
4716,MGAT3
4717,MUC5AC
4718,CASP9
4719,GLOD4
4720,ATP2B1
4721,CCND2
4722,PSMB10
4723,TOX2
4724,BAG3
4725,PGM2L1
4726,MICAL1
4727,GLRX5
4728,SLCO1B1
4729,ESRP1
4730,SLC25A43
4731,EHD2
4732,SNX21
4733,ATP13A3
4734,TLE3
4735,ACSF2
4736,RTN3
4737,CLIP3
4738,EDEM1
4739,NCOA4
4740,CLNS1A
4741,ATG9A
4742,BCAP29
4743,PRSS21
4744,COG3
4745,PDIA4
4746,VPS39
4747,MLLT1
4748,NFATC2IP
4749,WDR74
4750,NOTCH1
4751,MAFB
4752,CAMLG
4753,HSCB
4754,HNRNPK
4755,GMPR
4756,MYOM1
4757,COMMD6
4758,CTNNBL1
4759,SOX13
4760,GPN3
4761,SLU7
4762,VAV3
4763,PUM1
4764,YBEY
4765,KLHDC3
4766,FBXW11
4767,GM2A
4768,NAA38
4769,FERMT2
4770,JAM3
4771,C17orf80
4772,FADS2
4773,CNGA1
4774,PRKAG1
4775,SIRPG
4776,HNRNPUL2
4777,UBE2A
4778,USP36
4779,PDE4DIP
4780,RBM47
4781,COL1A1
4782,FKBP3
4783,TEX2
4784,YPEL2
4785,REG3A
4786,SNRPF
4787,GSTM4
4788,LDHB
4789,TBRG4
4790,AP1S2
4791,FBXL12
4792,CYP2J2
4793,NR1H3
4794,DCAF8
4795,SARAF
4796,BEX2
4797,THEM4
4798,MTHFD2L
4799,CENPM
4800,CHP1
4801,PKD2L1
4802,NUAK1
4803,WDR4
4804,CA12
4805,MICU1
4806,ADRB2
4807,AHSA1
4808,PSMD5
4809,IL1R2
4810,VIL1
4811,KISS1R
4812,TOR1AIP2
4813,EPAS1
4814,TMEM254
4815,QPCTL
4816,SOX4
4817,SPAG5
4818,LAMA5
4819,IGFALS
4820,MGLL
4821,PDCD6IP
4822,PPP6R2
4823,ATP1B2
4824,PFDN5
4825,IVNS1ABP
4826,KCTD9
4827,RGS9
4828,UBE2E1
4829,PATL1
4830,PTPRC
4831,PIGM
4832,RCN1
4833,CALCA
4834,UBE2M
4835,PTGIS
4836,ATXN1L
4837,BMPR1B
4838,GNAI2
4839,KIF22
4840,EIF3H
4841,WDR26
4842,RRP12
4843,TELO2
4844,RTN4IP1
4845,ATP6V0B
4846,CNIH4
4847,IRF6
4848,KIZ
4849,SF3B6
4850,GSK3A
4851,YIPF5
4852,EEF1A2
4853,MEX3A
4854,CUL4A
4855,DDX1
4856,ACSS3
4857,SYT12
4858,BCL2L13
4859,ELK3
4860,SESN1
4861,TMSB10
4862,TMEM39A
4863,STAP2
4864,PTGDR2
4865,RBBP7
4866,LILRB4
4867,TRIAP1
4868,FGF4
4869,SLC46A3
4870,ASNA1
4871,ACOT13
4872,CLPTM1L
4873,FAM50A
4874,FA2H
4875,FGD6
4876,DIO2
4877,G3BP2
4878,EML3
4879,S1PR4
4880,GABRE
4881,CD300LF
4882,SCARA5
4883,HERPUD2
4884,RNF187
4885,FOXJ1
4886,TIAL1
4887,SCARA3
4888,CCK
4889,ZDHHC3
4890,STAT2
4891,PHF2
4892,TOX
4893,RAB31
4894,SPTLC2
4895,NDUFV2
4896,UBP1
4897,CNOT3
4898,CD7
4899,ANXA5
4900,ID1
4901,P2RX7
4902,PLEK
4903,CNFN
4904,STRAP
4905,COG1
4906,TFAM
4907,CPM
4908,LSM5
4909,MINPP1
4910,ACO1
4911,AMBP
4912,RPS27
4913,HAX1
4914,SPP2
4915,LBX2
4916,NDUFB8
4917,S100A1
4918,GGA2
4919,PKIG
4920,PPP1R15B
4921,SP2
4922,AKR7A2
4923,TCP1
4924,AP1M1
4925,CBR4
4926,GLRX
4927,SENP3
4928,IMP3
4929,PSEN2
4930,IKBIP
4931,FGF12
4932,CYP2B6
4933,LMAN2
4934,PLIN2
4935,SYN1
4936,ATG5
4937,HAVCR2
4938,PDGFA
4939,TSPAN6
4940,IGHM
4941,HBB
4942,ASPM
4943,ELOVL7
4944,MTMR14
4945,SLC7A10
4946,IRAK2
4947,PIGN
4948,SSR1
4949,CUZD1
4950,MCUR1
4951,AHNAK2
4952,TM4SF18
4953,TDP2
4954,ELK1
4955,UNC13D
4956,NDEL1
4957,RPS6
4958,NADK
4959,KIAA0319L
4960,TAF7
4961,WDR1
4962,ZC3HAV1
4963,FBXO8
4964,CLPP
4965,CA11
4966,GNMT
4967,PLRG1
4968,SERPINB5
4969,ETV7
4970,TRIM10
4971,JADE1
4972,EIF2B3
4973,STK11
4974,PLG
4975,MED29
4976,RCSD1
4977,GSTZ1
4978,ETFA
4979,STX1A
4980,SYNGR3
4981,MUC20
4982,ARMC1
4983,PRIM1
4984,RNF10
4985,GHITM
4986,GYG2
4987,CUTA
4988,COPRS
4989,CCL26
4990,ZXDB
4991,CNOT7
4992,HLA-DQB1
4993,SYNJ2
4994,IGHMBP2
4995,SUCLG2
4996,GSPT2
4997,NEDD8
4998,TMEM139
4999,EDNRB
5000,EPPK1
5001,RNF130
5002,SLC7A11
5003,ELOVL2
5004,PSMA5
5005,STMN2
5006,DISP1
5007,MTOR
5008,EWSR1
5009,EEF2
5010,MAPK9
5011,CAMK2N1
5012,SMCHD1
5013,SMPDL3A
5014,REEP5
5015,FAM129A
5016,COPS5
5017,CHKA
5018,RYBP
5019,CAMSAP3
5020,PCNA
5021,RCL1
5022,GRM8
5023,BAK1
5024,HIST1H2AI
5025,PUF60
5026,MDFI
5027,HNRNPA3
5028,UBE2L6
5029,MYO5C
5030,SMPD2
5031,ABCB5
5032,MARCO
5033,LTBP3
5034,UGT1A3
5035,CDC20
5036,IKZF1
5037,ALDOC
5038,UGT1A8
5039,METTL17
5040,HRG
5041,CLCC1
5042,PARP9
5043,CINP
5044,BZW1
5045,HEXA
5046,HSPA13
5047,S1PR1
5048,HERC1
5049,SYBU
5050,SYNJ2BP
5051,DNM1
5052,SYF2
5053,XKR8
5054,GPC5
5055,TMEM109
5056,PNRC1
5057,TEAD1
5058,NPY1R
5059,MID1
5060,SIK2
5061,LEF1
5062,MDGA1
5063,MAST2
5064,DUSP22
5065,SHARPIN
5066,MDH2
5067,HNRNPU
5068,PEX11G
5069,KCNH2
5070,MCM4
5071,STARD7
5072,IHH
5073,CSK
5074,TBL1XR1
5075,KIDINS220
5076,CLCA1
5077,CEP89
5078,ITGA1
5079,NOP56
5080,EGFL7
5081,NIPSNAP3A
5082,HAGH
5083,TPP2
5084,AP2A2
5085,AZGP1
5086,PER3
5087,PRAF2
5088,KIF13B
5089,RAD52
5090,MAX
5091,RNASE7
5092,ANKMY2
5093,ZNF830
5094,KAT2A
5095,AK2
5096,CEP85
5097,ALOX15
5098,DEF6
5099,CCT6A
5100,TOLLIP
5101,TMEM92
5102,PSCA
5103,TCEA2
5104,TAP1
5105,BMP6
5106,CDCP1
5107,RALB
5108,SLC12A7
5109,IFNGR2
5110,SIAE
5111,MGAT4B
5112,CST1
5113,ARHGAP30
5114,MCM6
5115,NDUFB3
5116,PRKAR2A
5117,DVL1
5118,HSPB1
5119,SCUBE1
5120,GALNS
5121,GORAB
5122,GAS2L1
5123,C4BPB
5124,AUP1
5125,MCM7
5126,CCDC50
5127,PIGH
5128,TEK
5129,COL7A1
5130,LGMN
5131,MAPK8IP3
5132,DTNA
5133,MALSU1
5134,MBNL2
5135,BLOC1S6
5136,RND1
5137,NEK6
5138,HHAT
5139,SIKE1
5140,PRRG4
5141,MAPRE2
5142,LSM2
5143,GCKR
5144,HSPA14
5145,TXNDC15
5146,FOXO3
5147,MRPS18B
5148,RPS26
5149,MTR
5150,DNAJC4
5151,SLC7A5
5152,CD2AP
5153,SLC35A4
5154,GPSM1
5155,QSOX1
5156,LSM1
5157,SNRNP200
5158,KIF4A
5159,SLC9A3R1
5160,TAGLN
5161,HNRNPUL1
5162,NOLC1
5163,PGM2
5164,SAFB
5165,HLA-DRB5
5166,AKT3
5167,PIN1
5168,SLC35F1
5169,SLC7A9
5170,ACOT7
5171,CD37
5172,TACC3
5173,CAP1
5174,INTS3
5175,B4GALT3
5176,WWOX
5177,RRP1B
5178,TMEM187
5179,ERMP1
5180,YARS
5181,PANX1
5182,FBXO31
5183,ARNT2
5184,FAT1
5185,MICALL2
5186,DDX23
5187,TLE6
5188,BBC3
5189,CPNE3
5190,EIF1
5191,CLPS
5192,IL4I1
5193,PRC1
5194,KIFC3
5195,RPS23
5196,HOXD9
5197,PLAUR
5198,ZNF212
5199,SERPINA7
5200,OPN1SW
5201,FASTKD1
5202,C1QTNF1
5203,SLC29A2
5204,SMPD1
5205,C11orf54
5206,PLCB3
5207,APLP2
5208,PTN
5209,TSNARE1
5210,SELENBP1
5211,MUC6
5212,GABARAPL1
5213,CD58
5214,AKT1S1
5215,HSPA1A
5216,FUBP1
5217,SUGP2
5218,BCAS2
5219,QARS
5220,POLD2
5221,POLR2D
5222,CEBPG
5223,MVB12A
5224,SPOCK3
5225,SMIM1
5226,PSME2
5227,GTF3A
5228,BUD31
5229,ABCB10
5230,EHD1
5231,RAPGEF5
5232,TSG101
5233,NDUFA13
5234,MRPL54
5235,NAGPA
5236,PRPS1
5237,CNBP
5238,ARFRP1
5239,PPP1R15A
5240,TMEM219
5241,FNDC3A
5242,CARD16
5243,CHMP7
5244,AKAP8L
5245,GPC3
5246,KRT23
5247,BCKDHB
5248,VEGFC
5249,IMMT
5250,ITGA2
5251,NES
5252,EPB41L3
5253,NDUFA8
5254,GPNMB
5255,NDUFS3
5256,TSNAX
5257,TMTC1
5258,ABCA7
5259,DSG2
5260,PEX16
5261,YAP1
5262,ECD
5263,ECHDC1
5264,IFIT2
5265,SGK1
5266,SRSF1
5267,PABPN1
5268,SLC44A1
5269,MOV10
5270,RRS1
5271,ALAS1
5272,CREBBP
5273,GPR37
5274,TMEM37
5275,RPN2
5276,DDAH1
5277,LDHD
5278,SYPL1
5279,SPG11
5280,ANK3
5281,UNC5B
5282,SLC22A18
5283,ZNF691
5284,FAF2
5285,HIST1H2BO
5286,FNDC3B
5287,NEU4
5288,C1QTNF6
5289,SSBP3
5290,PYGO2
5291,IER2
5292,NAE1
5293,GATA3
5294,F12
5295,PPP1R14B
5296,PTHLH
5297,HMGA1
5298,POLR3C
5299,ARHGAP1
5300,CCL14
5301,CHMP2B
5302,KDM4B
5303,AP2M1
5304,IFNGR1
5305,ACTN1
5306,ZNF354A
5307,TF
5308,SLC25A44
5309,CIAO1
5310,CDKN2A
5311,MRGBP
5312,SLC37A1
5313,NAT8
5314,EIF2B5
5315,SPATA20
5316,KMO
5317,MBD2
5318,MRPL24
5319,GNE
5320,COX16
5321,SEMA4C
5322,WIPF2
5323,IDH3B
5324,ABCC6
5325,CMTM6
5326,GTF2H3
5327,EIF3B
5328,SAE1
5329,MPDZ
5330,CTSK
5331,POLR3K
5332,TMEM126A
5333,PDP1
5334,PSD4
5335,CCDC85B
5336,CCDC107
5337,PID1
5338,THBS4
5339,FH
5340,RNPEP
5341,KRT6B
5342,PFKM
5343,POLD1
5344,PTMS
5345,POPDC2
5346,UBB
5347,ZIC1
5348,SLC30A1
5349,PPCS
5350,GSPT1
5351,FCN2
5352,ONECUT2
5353,PKLR
5354,ZW10
5355,LXN
5356,COX4I2
5357,IKZF3
5358,SNAPC4
5359,CLEC10A
5360,SMOX
5361,TCEAL4
5362,PIWIL4
5363,SMAD5
5364,PBXIP1
5365,TMOD3
5366,ARPC4
5367,SELL
5368,SLC51A
5369,ZNF414
5370,MYO1B
5371,LATS2
5372,FAM20B
5373,FLYWCH1
5374,SPATS2L
5375,AIMP1
5376,QSOX2
5377,STMN3
5378,NCF4
5379,SLC25A6
5380,FCF1
5381,COL8A1
5382,HOXC10
5383,ZNF341
5384,DUSP2
5385,ARPP19
5386,IAPP
5387,GGT7
5388,SNX19
5389,NACA
5390,TM9SF2
5391,ACTR10
5392,IL6R
5393,GTF3C6
5394,NDUFB9
5395,RRAGC
5396,B4GALNT2
5397,DDTL
5398,STK40
5399,SURF1
5400,TMEM255A
5401,GLIPR2
5402,SUMO3
5403,KRT17
5404,MXD3
5405,BAG4
5406,BCAT2
5407,PCSK9
5408,FUS
5409,EEF1D
5410,MFSD10
5411,COX5A
5412,PRPF40A
5413,SNRPB
5414,BATF
5415,MUL1
5416,CEP95
5417,ACAA2
5418,HARS
5419,MBNL3
5420,IKBKG
5421,BAG6
5422,AFF1
5423,IL1RAP
5424,UTP6
5425,ATF3
5426,BIRC5
5427,CDK13
5428,PLEK2
5429,AADAT
5430,TNFRSF10D
5431,PARN
5432,PPP1CB
5433,F9
5434,YWHAH
5435,SRM
5436,PPP4R2
5437,KLKB1
5438,PSTPIP2
5439,BNIPL
5440,BRI3
5441,CIB1
5442,MBP
5443,MYL12A
5444,RAB37
5445,YY1AP1
5446,CXCL12
5447,EAF1
5448,CREBZF
5449,HOXD13
5450,PSIP1
5451,UNC13B
5452,EEF1E1
5453,MYBBP1A
5454,AMBN
5455,RINT1
5456,AP3M1
5457,RNF139
5458,HKDC1
5459,SNTA1
5460,FN1
5461,ETV6
5462,ATP2C2
5463,EXOSC6
5464,RNF13
5465,TM2D2
5466,GBP4
5467,SPX
5468,CPN1
5469,ACOT12
5470,TNS1
5471,POLR1C
5472,WDR83
5473,CRISPLD2
5474,BCAT1
5475,TADA2B
5476,FAM163A
5477,USH1C
5478,MAN1A2
5479,RBP2
5480,CD8B
5481,LUC7L
5482,APOD
5483,MYH7B
5484,CMAS
5485,RBM19
5486,CYP19A1
5487,RPS20
5488,ERLIN1
5489,MT1F
5490,HCN3
5491,TRIM8
5492,UGT2B7
5493,ANXA10
5494,SPRED2
5495,ATG13
5496,RALBP1
5497,TIMM44
5498,TYRO3
5499,PRRC2A
5500,IL6ST
5501,SKAP2
5502,AXIN1
5503,SNX10
5504,SFXN5
5505,GBP1
5506,DYNC1LI2
5507,TOP3A
5508,CCDC59
5509,C5
5510,L3MBTL2
5511,PA2G4
5512,SND1
5513,SSR4
5514,RYK
5515,GOT2
5516,ACAT2
5517,GNG12
5518,SYTL4
5519,TRIP6
5520,PIAS4
5521,PARS2
5522,PTK7
5523,MDC1
5524,ZNF385B
5525,DDX18
5526,VAMP2
5527,FZD8
5528,OSBPL1A
5529,MAN1B1
5530,GALNT7
5531,EDN1
5532,IER3
5533,DCAF11
5534,GADD45A
5535,FOSL1
5536,ADIPOR1
5537,MYPOP
5538,PXN
5539,SPECC1
5540,PLCG1
5541,TUBA1A
5542,HMGN4
5543,NCSTN
5544,MMD
5545,PEA15
5546,KNG1
5547,GOLM1
5548,SCAF4
5549,PPP2CA
5550,SHC1
5551,RRBP1
5552,PDSS2
5553,RPTOR
5554,CKAP4
5555,BHLHA15
5556,TMUB1
5557,DAB2IP
5558,DYNLL1
5559,TTYH3
5560,C11orf24
5561,HES6
5562,PLN
5563,IGF2
5564,SLC5A1
5565,FOXK2
5566,ETHE1
5567,NKD1
5568,TRIM27
5569,SNRPC
5570,CSRP1
5571,EPO
5572,SAV1
5573,IPO5
5574,AGR3
5575,ARHGAP25
5576,MRPS7
5577,ACAA1
5578,CCL4
5579,ETV5
5580,NDFIP2
5581,PNISR
5582,EGFR
5583,WNT7B
5584,TRPM8
5585,RPL24
5586,HEG1
5587,DPM1
5588,ADSSL1
5589,ACP2
5590,BAMBI
5591,DUSP5
5592,ZNF511
5593,APOC2
5594,SERPINB7
5595,HMBS
5596,G6PC3
5597,TBRG1
5598,BMF
5599,CLPSL1
5600,HM13
5601,CTNNB1
5602,C15orf48
5603,POLB
5604,KDM3B
5605,FES
5606,FBXO9
5607,CDC123
5608,CD5
5609,ICK
5610,ZPR1
5611,RANBP1
5612,EXTL3
5613,SH2D3C
5614,LIN7A
5615,CMBL
5616,PIK3CG
5617,GABRD
5618,GZMB
5619,SLC2A2
5620,OAT
5621,ZFP1
5622,A1BG
5623,PNKP
5624,VGLL4
5625,RAP1A
5626,JKAMP
5627,LMO4
5628,MCM3
5629,SLC35F5
5630,TRIM31
5631,PPP2R5C
5632,FAH
5633,HERC5
5634,COMMD5
5635,NAP1L1
5636,ZNF710
5637,NECAB3
5638,PQBP1
5639,CTTN
5640,UNC93A
5641,HK2
5642,IFT88
5643,CDK6
5644,THAP5
5645,BCAM
5646,TP53BP2
5647,STK38L
5648,B3GAT3
5649,DAPK1
5650,SMAD4
5651,RALGDS
5652,ATP12A
5653,SH2D2A
5654,CHCHD7
5655,NCOA7
5656,TMSB4X
5657,CA14
5658,ARF3
5659,SAT1
5660,RAB27A
5661,SMC6
5662,PDCL3
5663,SERINC1
5664,ANP32E
5665,GHR
5666,CLIC2
5667,PIK3C2A
5668,SLC2A5
5669,EFNA4
5670,PARP12
5671,ELFN2
5672,HNRNPH1
5673,NTN1
5674,HHEX
5675,LCN2
5676,VPS41
5677,TNFSF13B
5678,ALDOB
5679,SLC38A9
5680,CAPG
5681,GPR155
5682,ZNF83
5683,MNDA
5684,NLRP6
5685,PTGIR
5686,FADS1
5687,ARHGAP29
5688,SLC19A1
5689,EIF2B1
5690,SNX27
5691,TNIP2
5692,VSIG2
5693,SHROOM1
5694,CD68
5695,UBXN2B
5696,PTGES
5697,NDUFAF4
5698,MKI67
5699,HAND2
5700,STAT3
5701,SLC25A32
5702,DDX39B
5703,CPNE6
5704,TSPY1
5705,HS6ST1
5706,RECQL5
5707,NKG7
5708,CTSD
5709,CCND1
5710,FOXC2
5711,SH3RF1
5712,HSPA6
5713,GPAA1
5714,GALNT11
5715,TRIM69
5716,PLXNB1
5717,MPHOSPH6
5718,KLB
5719,CD276
5720,C2
5721,CPSF7
5722,CPSF4
5723,ZNF217
5724,GSAP
5725,RRAGA
5726,IL2RG
5727,SLC10A1
5728,CCDC8
5729,CCDC167
5730,AKAP8
5731,OXCT1
5732,MSRA
5733,RHOQ
5734,ARHGEF15
5735,ANXA4
5736,CELSR1
5737,ANAPC5
5738,DRG1
5739,APOB
5740,SHISA5
5741,ATG4D
5742,GNG11
5743,ABLIM3
5744,DCTN6
5745,NUB1
5746,BLOC1S5
5747,TNS3
5748,HIST2H2AC
5749,AP1M2
5750,PDLIM7
5751,PELI1
5752,TMEM176A
5753,BAX
5754,MSR1
5755,WNK1
5756,NCOA1
5757,EIF2A
5758,GIGYF1
5759,SERPINA4
5760,CTU1
5761,PPL
5762,DNAJC15
5763,LAIR2
5764,SPAG1
5765,PPP1R3C
5766,SLC27A1
5767,CEACAM7
5768,GSS
5769,SLC23A1
5770,S100A16
5771,TMEM8A
5772,HLA-DPA1
5773,GPX8
5774,SLC39A14
5775,STX3
5776,LRRC1
5777,COL4A2
5778,NFYA
5779,ZNF623
5780,RAMP2
5781,SMTN
5782,PHLDA1
5783,IFI6
5784,LZTS3
5785,MAP2
5786,PSME3
5787,SRPX2
5788,ZNF277
5789,CDC25C
5790,RTCB
5791,RNMT
5792,MAP1A
5793,ISX
5794,FCGR1A
5795,MARCH9
5796,COQ3
5797,BCKDHA
5798,MCRS1
5799,NTN4
5800,LY96
5801,PADI2
5802,KLK11
5803,ST3GAL5
5804,MOSPD3
5805,BASP1
5806,BCR
5807,CALR
5808,SAPCD2
5809,SLC44A5
5810,PLAU
5811,GINS1
5812,AFF4
5813,CNPY2
5814,UGT2B15
5815,SBF1
5816,TMED1
5817,CDC42SE1
5818,GLIPR1
5819,GAPDH
5820,OAZ2
5821,ENPP1
5822,NME1
5823,GPBP1L1
5824,UBR3
5825,ESPL1
5826,GJB5
5827,CDK2AP1
5828,CLEC4M
5829,MMAB
5830,PAM
5831,IK
5832,CPEB2
5833,PRKAB1
5834,GK
5835,MAEL
5836,CHD4
5837,CAPNS1
5838,ATXN7L3
5839,EIF1AX
5840,SLC35B3
5841,LSS
5842,MT2A
5843,PBX3
5844,ZNF618
5845,DUSP16
5846,ATAD3A
5847,CAPN6
5848,OGT
5849,ZNF362
5850,RCE1
5851,MED14
5852,RBBP4
5853,DMPK
5854,MCM5
5855,KDM6A
5856,PRSS16
5857,CD86
5858,ANKRD46
5859,PEX1
5860,TNFRSF21
5861,RAP2A
5862,ARL6IP5
5863,C5AR1
5864,CRY2
5865,PLD1
5866,PACRG
5867,HACL1
5868,SLC16A2
5869,TACSTD2
5870,ORAI3
5871,MMACHC
5872,KLK13
5873,RASL11B
5874,HAO2
5875,F13A1
5876,RTF1
5877,TPM3
5878,PGM1
5879,HIST1H4I
5880,SORBS1
5881,AGA
5882,TMEM59L
5883,HIST1H4H
5884,RAB34
5885,APPL2
5886,MED4
5887,ACOT9
5888,CDKN1B
5889,KCTD21
5890,KAZN
5891,ALDH1L1
5892,PAQR5
5893,POGZ
5894,ABCA3
5895,YWHAQ
5896,WASF1
5897,KIT
5898,SLC12A9
5899,TMEM9
5900,ERN1
5901,ERP29
5902,TNFRSF11B
5903,PSENEN
5904,GPX7
5905,HNRNPF
5906,PARD6A
5907,ORC1
5908,CCDC6
5909,GOLGA4
5910,ATP6V1G1
5911,CTBP1
5912,NCLN
5913,MRPL35
5914,SEC13
5915,CTPS2
5916,FAHD1
5917,UROD
5918,ANTXR1
5919,RAE1
5920,SEMA3E
5921,RUFY1
5922,NPEPPS
5923,SIM1
5924,KCNC3
5925,CAPZA2
5926,ALCAM
5927,HSPA9
5928,AVPR1A
5929,GLO1
5930,BIK
5931,SFRP5
5932,ITGAE
5933,PREP
5934,LIF
5935,MRPL39
5936,DTX3
5937,TMEM186
5938,MYRIP
5939,CYP4A11
5940,GSR
5941,SFMBT2
5942,TPM2
5943,PF4V1
5944,FAF1
5945,TTC3
5946,BDH2
5947,SOD1
5948,KRT10
5949,SPP1
5950,GRB10
5951,EFR3A
5952,MGST3
5953,NACC1
5954,SCG5
5955,RDH10
5956,SCGN
5957,XPOT
5958,SRSF11
5959,HNRNPH3
5960,LGALS14
5961,RRP36
5962,NKAIN4
5963,PCSK1
5964,AQP6
5965,DUSP13
5966,AKR1C3
5967,VPS18
5968,DIO3
5969,STK25
5970,CYP1A1
5971,CCNC
5972,WDYHV1
5973,NUDT2
5974,TPR
5975,GYS1
5976,NSMCE4A
5977,GFI1
5978,FLNA
5979,EIF4E2
5980,IGFBP6
5981,TMEM222
5982,TAF10
5983,DIP2C
5984,CPLX1
5985,WDTC1
5986,ING2
5987,VEPH1
5988,CHSY1
5989,FAM13A
5990,CD2
5991,BBS4
5992,NT5C
5993,UBE2S
5994,KCNQ4
5995,MRTO4
5996,GNA15
5997,PRMT2
5998,MYCN
5999,FAM8A1
6000,PHKB
6001,FGR
6002,MAP3K7CL
6003,SLC13A2
6004,MYO7A
6005,NPAS1
6006,VWF
6007,SDF2
6008,UGT1A10
6009,PDZK1
6010,SOHLH1
6011,POLR3GL
6012,USP14
6013,VSTM4
6014,SC5D
6015,NHLRC3
6016,PALM
6017,EBP
6018,PGAM1
6019,IFITM3
6020,HIST1H2AC
6021,MACF1
6022,FILIP1L
6023,CDC26
6024,BTN2A1
6025,PSMD6
6026,STK26
6027,EHMT2
6028,PLGRKT
6029,BRMS1
6030,TREX2
6031,CCL17
6032,RASA3
6033,NUCKS1
6034,KRT16
6035,BDKRB1
6036,DNAJB2
6037,ORC5
6038,SYMPK
6039,TRIM5
6040,ZNF576
6041,UBE2E2
6042,SYT1
6043,ITLN1
6044,CCNE1
6045,DNAJC30
6046,CTNNBIP1
6047,ALS2
6048,STT3A
6049,APOM
6050,PRKACA
6051,SREBF2
6052,IDH1
6053,MRPS2
6054,NUBP1
6055,LYPLA2
6056,XPNPEP1
6057,CHML
6058,CHMP5
6059,ANXA9
6060,GLUD1
6061,CD247
6062,SUN1
6063,MTHFD1L
6064,CBLL1
6065,TAOK2
6066,NUDT16
6067,NAPA
6068,FBXO7
6069,HJURP
6070,GBA
6071,DRAM1
6072,IVD
6073,SMC4
6074,RPL12
6075,HNRNPC
6076,MRPS26
6077,GTPBP3
6078,CTNNA2
6079,BRF2
6080,CFLAR
6081,MPZL1
6082,GALNT3
6083,FOXF2
6084,PPARG
6085,SFRP4
6086,TOMM40L
6087,LAS1L
6088,DOK2
6089,LMO2
6090,TNNC1
6091,CASP10
6092,CCT3
6093,ZNF263
6094,ROMO1
6095,WWP2
6096,LRP10
6097,USF2
6098,NTAN1
6099,PRRC1
6100,ACOT8
6101,COX6B1
6102,VPS26A
6103,CXCR4
6104,FLVCR1
6105,TOP1
6106,PSMD7
6107,COX7A2L
6108,ZNF22
6109,NFIA
6110,HTATSF1
6111,CNPPD1
6112,CDC42EP4
6113,MYBL2
6114,TMEM161A
6115,EZR
6116,CIDEC
6117,ARHGEF6
6118,DIMT1
6119,CTTNBP2NL
6120,FTSJ3
6121,PKP3
6122,GIPC2
6123,CXXC5
6124,NIPA1
6125,AEBP1
6126,COX6A2
6127,C14orf180
6128,MED19
6129,VGLL1
6130,PHAX
6131,SUSD4
6132,CTSE
6133,MTUS1
6134,TUBB6
6135,PFDN1
6136,IARS
6137,CD46
6138,TRIM50
6139,SRD5A2
6140,POLR2K
6141,TXNL4A
6142,GMNN
6143,TMEM205
6144,ALOX15B
6145,PERP
6146,E2F1
6147,WDR6
6148,TSPO
6149,PHRF1
6150,QTRT1
6151,PTP4A2
6152,HIST1H2BD
6153,LIMS1
6154,FLVCR2
6155,INSIG2
6156,ABT1
6157,DCPS
6158,RMDN3
6159,DECR1
6160,HOGA1
6161,RAB2A
6162,EIF4EBP1
6163,NICN1
6164,CYP26A1
6165,SRPK1
6166,CLCN5
6167,CLU
6168,MLF2
6169,FRMD8
6170,TMEM39B
6171,UBL3
6172,AMACR
6173,TEAD2
6174,TUBGCP6
6175,ST13
6176,KHDRBS3
6177,ARPC3
6178,SLC26A11
6179,PFDN4
6180,LIMS2
6181,DNAJA3
6182,HAVCR1
6183,EFEMP2
6184,ADH1C
6185,FNIP2
6186,H2AFZ
6187,INTS8
6188,IMPA1
6189,BMS1
6190,MS4A4A
6191,CRYAB
6192,TP53
6193,STEAP4
6194,S100P
6195,DCLK2
6196,AAGAB
6197,GLRX3
6198,SPDEF
6199,RPL35
6200,MAPKAPK3
6201,SLC39A9
6202,RAB12
6203,NEB
6204,ETV3
6205,HLA-DMB
6206,TWIST1
6207,NGF
6208,CHAD
6209,PSEN1
6210,DOLK
6211,RB1CC1
6212,STX5
6213,CTIF
6214,TRAT1
6215,COLEC11
6216,C8B
6217,GSTK1
6218,SLC9A6
6219,ACIN1
6220,SERPIND1
6221,PYGB
6222,HAS2
6223,SORT1
6224,SCOC
6225,ASNS
6226,OXT
6227,FPGS
6228,GADD45G
6229,C1orf116
6230,PARK7
6231,SRRM1
6232,PDCD1
6233,SIRT3
6234,KLF3
6235,SLC13A5
6236,GOLIM4
6237,PTGFRN
6238,RNF4
6239,SEC16A
6240,LYRM1
6241,NFKB1
6242,LOXL2
6243,MIA3
6244,SAMD8
6245,SRA1
6246,SRSF8
6247,ADRA1B
6248,TRNAU1AP
6249,SYCE3
6250,CTNNA3
6251,BTG1
6252,LSM14B
6253,ZDHHC7
6254,TBCE
6255,TAF11
6256,SIGIRR
6257,ELOVL5
6258,SOX9
6259,PSMD13
6260,AKT1
6261,SUCLG1
6262,CDIPT
6263,EPN3
6264,ATOH8
6265,DAAM1
6266,GUSB
6267,SGMS2
6268,STAT6
6269,SERPINB8
6270,GABARAPL2
6271,CABLES1
6272,COA5
6273,DDX19A
6274,PI4KB
6275,CLGN
6276,MYLIP
6277,STAB2
6278,HSPB6
6279,CERS6
6280,PHKA2
6281,HUWE1
6282,SFT2D2
6283,MTHFD1
6284,CUEDC2
6285,CYP2A13
6286,ABHD14A
6287,FMNL2
6288,SCAMP4
6289,EID2
6290,VPS37A
6291,NOS3
6292,CCL18
6293,UNG
6294,ABL1
6295,VPS37D
6296,LRIG3
6297,TIMM22
6298,RPLP0
6299,GAMT
6300,FHL2
6301,NFS1
6302,E2F3
6303,HIST1H3E
6304,ZNF121
6305,RUSC2
6306,DTD1
6307,CENPV
6308,URGCP
6309,MEN1
6310,PIR
6311,HSPA8
6312,MITD1
6313,SIL1
6314,SERPINA1
6315,PPRC1
6316,PPP6R3
6317,ASAH1
6318,NANS
6319,SMU1
6320,MMGT1
6321,EFNA5
6322,EBNA1BP2
6323,SUZ12
6324,METRN
6325,SLIT3
6326,RHOG
6327,MS4A6A
6328,CHST15
6329,DCP1B
6330,PPP1R10
6331,PPIH
6332,MAP3K7
6333,MAGOH
6334,BCOR
6335,SFRP1
6336,BPIFB1
6337,CLDN15
6338,CHCHD2
6339,BNIP3L
6340,LGALS9
6341,CNOT10
6342,PYGM
6343,SFTA2
6344,VIM
6345,LRRFIP1
6346,KIF2C
6347,WEE1
6348,FMO4
6349,HES4
6350,ZNF764
6351,ERLIN2
6352,PSMB9
6353,PPP2R2C
6354,LSG1
6355,MDFIC
6356,PIEZO1
6357,AGMO
6358,SLC25A15
6359,RNF213
6360,FAM32A
6361,EDC3
6362,TM6SF2
6363,BRD2
6364,SLC38A2
6365,STAT5A
6366,RANBP9
6367,FAM50B
6368,HTR2B
6369,CD93
6370,B9D1
6371,AFG3L2
6372,ZMPSTE24
6373,STK39
6374,NMT1
6375,ATXN10
6376,AGGF1
6377,TAGAP
6378,IRF5
6379,SCNN1A
6380,THOC2
6381,AP2A1
6382,PEX11B
6383,HNRNPA1
6384,CSTF3
6385,NARS
6386,HLA-DOA
6387,DPY30
6388,PSME1
6389,TAF5L
6390,SNX18
6391,GOLGA7
6392,TMEM8B
6393,FAM20C
6394,CTSB
6395,MRPL11
6396,ASTN2
6397,INO80C
6398,GCNT1
6399,HEY1
6400,SSPN
6401,CRK
6402,NEDD9
6403,OTC
6404,GJC3
6405,FBXW5
6406,FASN
6407,HBD
6408,ABCD3
6409,COX7B
6410,PRKAA1
6411,ANXA2
6412,MS4A1
6413,MGRN1
6414,COL9A3
6415,NXF1
6416,ZNF579
6417,TM4SF5
6418,CLDN9
6419,COQ4
6420,SF3A2
6421,WBP11
6422,ESRRA
6423,AGPAT2
6424,NBL1
6425,SPRR3
6426,GBA2
6427,GNAS
6428,TM9SF4
6429,LBP
6430,CD1D
6431,HIF1A
6432,NDUFB1
6433,TOP1MT
6434,KRTAP7-1
6435,MPZL3
6436,NAT2
6437,PYCR2
6438,SLC22A4
6439,R3HDM4
6440,LST1
6441,CDH1
6442,RPS5
6443,GJA1
6444,NUMBL
6445,BLOC1S4
6446,DIAPH1
6447,CLK1
6448,PTPRF
6449,OGN
6450,MOGS
6451,RFT1
6452,IL3RA
6453,CLINT1
6454,GMCL1
6455,HTRA1
6456,SVIP
6457,MRPS15
6458,CLCN7
6459,PTPRG
6460,PHPT1
6461,ZG16
6462,PITPNM1
6463,HILPDA
6464,TCTN2
6465,SLC26A6
6466,MSL2
6467,TGM2
6468,PROX1
6469,KLF10
6470,EXOC3
6471,PYDC1
6472,F8
6473,DUSP11
6474,PRDX5
6475,SDHA
6476,TAF1D
6477,PER1
6478,MAN2A2
6479,MRPL12
6480,DECR2
6481,CRNKL1
6482,ATOX1
6483,DPP7
6484,RRP1
6485,MIB1
6486,SLC22A7
6487,LAMB3
6488,GSTA4
6489,HLA-G
6490,NEK7
6491,DDX42
6492,PEX13
6493,B4GAT1
6494,GTF2A1
6495,CAT
6496,MMP12
6497,EXOSC5
6498,ANO9
6499,TMEM62
6500,IL18
6501,POFUT2
6502,TAB2
6503,YBX3
6504,TPD52
6505,H2AFJ
6506,ARFGAP3
6507,PFDN6
6508,RAB1B
6509,C4B
6510,COPS7B
6511,RPS29
6512,DIRAS3
6513,DHX8
6514,ACHE
6515,DNM1L
6516,NFKBIB
6517,MID2
6518,NOXA1
6519,DDAH2
6520,ADAMTSL3
6521,OAZ1
6522,HIST1H2BG
6523,PFKP
6524,AIFM2
6525,CTH
6526,BRICD5
6527,ZNF580
6528,NMT2
6529,OLR1
6530,SPRED1
6531,URB1
6532,BRK1
6533,APRT
6534,RBP1
6535,TMEM130
6536,APBB2
6537,TDRD7
6538,KDM6B
6539,EARS2
6540,PTPRJ
6541,UQCR10
6542,BLOC1S2
6543,AURKB
6544,COX7C
6545,TLN1
6546,DARS
6547,GRSF1
6548,SLC22A8
6549,NPRL2
6550,MIER2
6551,NIPA2
6552,ANGPTL7
6553,OTUD7B
6554,MAP2K2
6555,ZNF302
6556,WARS2
6557,C5orf30
6558,DCBLD2
6559,TPCN2
6560,BCL2L15
6561,BCL9L
6562,PKN2
6563,CEP72
6564,ARHGEF12
6565,PDPN
6566,MT1X
6567,MMP9
6568,MREG
6569,PPIB
6570,MED24
6571,B3GNT9
6572,ARMCX3
6573,RGS10
6574,NOL7
6575,SWAP70
6576,CSRP2
6577,MRPL28
6578,NINJ2
6579,HPGD
6580,H3F3A
6581,LAD1
6582,LRRC59
6583,NUP205
6584,SLC39A7
6585,NRAS
6586,ZFPM1
6587,RFC4
6588,CA9
6589,SLC17A5
6590,MRPL15
6591,OGFOD3
6592,SHBG
6593,UQCC3
6594,SLCO3A1
6595,TMED2
6596,COIL
6597,ARF5
6598,ADH5
6599,ACSL1
6600,KPNB1
6601,ZNF747
6602,COL4A5
6603,MOCS1
6604,PCMTD2
6605,FOXA1
6606,ADD1
6607,SASH3
6608,PLEKHF1
6609,PSMF1
6610,B3GALT4
6611,NADSYN1
6612,MTCH1
6613,DPYD
6614,ALKBH5
6615,NGEF
6616,ELOF1
6617,ARL6IP6
6618,PCYT1A
6619,CXCR3
6620,MRPL9
6621,CCNDBP1
6622,PTGES2
6623,PPP1R1B
6624,CRAT
6625,CHST14
6626,GPR137
6627,GLB1
6628,TNFRSF10A
6629,PTDSS1
6630,AGR2
6631,ERLEC1
6632,MLX
6633,AGRN
6634,CDHR1
6635,FXYD1
6636,TPCN1
6637,HSH2D
6638,PPP2R5A
6639,CDC14B
6640,GALT
6641,CD19
6642,ZBTB10
6643,SCNN1B
6644,PECR
6645,CLN5
6646,ASAP1
6647,ELF1
6648,ARHGAP15
6649,TSFM
6650,LASP1
6651,KANSL2
6652,ZDHHC16
6653,RPL39
6654,ABHD15
6655,RAB11B
6656,RNF152
6657,CLEC1B
6658,RASD1
6659,MRAP
6660,COPZ1
6661,SH3BGRL
6662,FAM214B
6663,FITM1
6664,PRRG2
6665,DPEP1
6666,HSD17B2
6667,ARPC1A
6668,KCNK5
6669,APOA5
6670,SARS
6671,RUNX3
6672,MYL5
6673,LIPC
6674,B4GALNT4
6675,ROR2
6676,SULT1E1
6677,PTPN6
6678,HTATIP2
6679,PTH1R
6680,NSDHL
6681,RPP30
6682,FBXO21
6683,RASSF5
6684,SERPINE2
6685,CALU
6686,RFFL
6687,MRPL17
6688,NECAB2
6689,MAP3K10
6690,WDR83OS
6691,SLC39A3
6692,RGS3
6693,ADAM17
6694,KLF2
6695,RAB2B
6696,DYRK1B
6697,CWC15
6698,SLC35E4
6699,KCNJ10
6700,PPTC7
6701,DUSP10
6702,DDIT3
6703,CCNA2
6704,WIPF3
6705,TMEM256
6706,AJUBA
6707,SHOC2
6708,FGFR3
6709,SREBF1
6710,UHRF1
6711,GZMM
6712,COPS4
6713,FLNC
6714,WRNIP1
6715,C1QBP
6716,RPA2
6717,FKBP11
6718,USH2A
6719,CISD1
6720,PTH2R
6721,TMED4
6722,MAOA
6723,ALG9
6724,BUB3
6725,SLC9A3
6726,SNX14
6727,RPL10
6728,EMB
6729,SERPINA10
6730,KDM1A
6731,RBBP5
6732,CUX1
6733,MTFP1
6734,RPS13
6735,SF3B3
6736,MMP1
6737,SEZ6L2
6738,STRADB
6739,UBL5
6740,CUL5
6741,DRD4
6742,EXT2
6743,CTSS
6744,ACTR2
6745,DHX16
6746,ZFP36L2
6747,IFNAR1
6748,FBXO2
6749,SLC2A12
6750,B3GNT7
6751,FOXS1
6752,MICB
6753,BCL10
6754,ISG20
6755,KLHL2
6756,EMC6
6757,WDR48
6758,NPC1L1
6759,RPS6KA1
6760,PIPOX
6761,RPL36
6762,ROBO1
6763,HSPB9
6764,EIF1AD
6765,APP
6766,RAB11FIP5
6767,AKIRIN1
6768,CERK
6769,ARHGDIG
6770,MAP1S
6771,SENP5
6772,CYP3A7
6773,ACOT1
6774,OXTR
6775,LOXL4
6776,TMEM167B
6777,COL9A2
6778,CNN2
6779,IRF3
6780,GATA4
6781,CLEC2L
6782,ITPR3
6783,PRDM4
6784,GIMAP4
6785,MUC15
6786,CKS1B
6787,GLTPD2
6788,SMUG1
6789,SF3B4
6790,CARD11
6791,SLC19A3
6792,CREB3L4
6793,TRIP13
6794,NOSIP
6795,CHRM1
6796,OCLN
6797,CCDC58
6798,SEL1L
6799,GATA5
6800,CYP21A2
6801,DUSP6
6802,TBCA
6803,NCOR1
6804,SLC38A5
6805,MEX3D
6806,EEF2K
6807,LETM1
6808,LYN
6809,RIT1
6810,OTUD5
6811,SSTR5
6812,TMEM19
6813,TSC22D1
6814,NR2F6
6815,KRIT1
6816,VTN
6817,RPL15
6818,TAF6
6819,PNKD
6820,PRADC1
6821,MAP3K5
6822,MTHFD2
6823,MLANA
6824,SLC25A13
6825,SLC25A38
6826,ANP32A
6827,PTPN1
6828,DCAF10
6829,ZBTB7B
6830,GDI1
6831,PLCG2
6832,RPL36AL
6833,AP2B1
6834,BAP1
6835,SCAMP1
6836,FAS
6837,SRP9
6838,DNAJB1
6839,NT5E
6840,SUCNR1
6841,CELF2
6842,SNAP47
6843,PIGR
6844,ITGA7
6845,COL6A1
6846,PARP1
6847,C19orf12
6848,ACSS2
6849,ZPLD1
6850,GNB4
6851,PPP2CB
6852,PEX11A
6853,TBL3
6854,A4GNT
6855,CDC42BPG
6856,TUBG2
6857,CDH3
6858,MSC
6859,DTYMK
6860,CDC16
6861,MRPL55
6862,GALNT18
6863,BIRC3
6864,TRIB3
6865,SGCE
6866,PAX8
6867,HIRIP3
6868,CCS
6869,CACNG4
6870,FBXO27
6871,PPP2R2A
6872,CYB561
6873,URM1
6874,ACOX1
6875,ZNF3
6876,MRPL48
6877,PHF5A
6878,ANO8
6879,NAPB
6880,VPS25
6881,ENOX2
6882,PAQR7
6883,IP6K2
6884,HLA-DQA2
6885,PGC
6886,LLGL2
6887,CANX
6888,KCNS3
6889,SRSF6
6890,BACE1
6891,NOC2L
6892,PPP3CC
6893,BRD8
6894,TRAF3IP3
6895,ZG16B
6896,COG4
6897,TGFB1
6898,DLK1
6899,RHOD
6900,RHPN2
6901,RPL27A
6902,ID2
6903,ELOVL1
6904,ARSI
6905,DHX38
6906,PRKD2
6907,IL6
6908,CETP
6909,PLS1
6910,CSE1L
6911,CEP131
6912,EXOSC8
6913,UBE2D1
6914,SYDE1
6915,TMEM87A
6916,VGLL2
6917,CCNB1
6918,TNFSF10
6919,TMEM141
6920,C1QB
6921,C16orf54
6922,ANKS4B
6923,CRIP2
6924,ZNF251
6925,CHCHD4
6926,PEX10
6927,KLHDC8B
6928,IRF1
6929,RGS16
6930,NDUFAB1
6931,CST3
6932,CASK
6933,NAT8L
6934,KDELR3
6935,GPLD1
6936,SNAI1
6937,ITM2B
6938,TOMM7
6939,POLR2C
6940,HOXA13
6941,ZNF24
6942,PHF10
6943,LYSMD3
6944,KIF11
6945,LOXL1
6946,SLC1A5
6947,TXNRD1
6948,GSTT2B
6949,MASP1
6950,STK38
6951,EPS8L2
6952,IGFBP4
6953,PMM1
6954,COL11A1
6955,RPL7A
6956,CYP4A22
6957,PRMT1
6958,RNF14
6959,CCL24
6960,SHB
6961,CD6
6962,CREB3L1
6963,NFIL3
6964,ACP5
6965,CCNG1
6966,NEDD4L
6967,MAEA
6968,SERINC3
6969,MAP3K1
6970,NR2F2
6971,DDIT4
6972,TINF2
6973,TNFRSF1A
6974,PEX5
6975,AGXT
6976,FSTL1
6977,ITFG1
6978,CTNNA1
6979,TNNT3
6980,MPST
6981,OSMR
6982,HEBP2
6983,LTB4R
6984,NR4A2
6985,TMEM60
6986,POLL
6987,CHGA
6988,SPRR1B
6989,UGT1A9
6990,ZMAT5
6991,REEP3
6992,MARK4
6993,TYRP1
6994,ARID3C
6995,DKK3
6996,NPL
6997,CCDC86
6998,NF2
6999,GJB1
7000,TMTC4
7001,MMP24
7002,ARRB1
7003,RHNO1
7004,TMED10
7005,PLEKHH3
7006,ITPA
7007,GFRA2
7008,MAPK8IP2
7009,FBLIM1
7010,NXN
7011,ARAP1
7012,G6PC
7013,UBAC1
7014,NUP37
7015,NOTCH3
7016,ACTB
7017,MAP3K13
7018,GEMIN8
7019,APOOL
7020,COL5A2
7021,ADRM1
7022,NUP153
7023,CKAP5
7024,RNF167
7025,MIEF2
7026,FGD4
7027,NR0B1
7028,CPSF6
7029,PPM1M
7030,TARS
7031,EIF3E
7032,CFHR1
7033,EPM2AIP1
7034,FLOT2
7035,MED25
7036,SOS1
7037,ABHD10
7038,PLA2G6
7039,USO1
7040,CIITA
7041,SCN1B
7042,HNRNPDL
7043,SSH3
7044,ERBB2
7045,CADM4
7046,PRMT6
7047,NUP62
7048,EIF2AK3
7049,LITAF
7050,SLC25A16
7051,NEFL
7052,UBE2V2
7053,SLC25A33
7054,COL3A1
7055,CYFIP1
7056,RAB29
7057,VTI1B
7058,HSPH1
7059,BDKRB2
7060,PPP3CA
7061,CXCL17
7062,CD320
7063,ROCK2
7064,SRP54
7065,HK3
7066,LRRC8A
7067,CDC42EP1
7068,PALM3
7069,TGIF2
7070,CEBPD
7071,FRAS1
7072,SEC11A
7073,MITF
7074,NELFA
7075,SRPK2
7076,GCH1
7077,DPH2
7078,BBS2
7079,GSDMB
7080,TAC1
7081,NCS1
7082,IRS2
7083,PNPO
7084,PSMD14
7085,PSMC4
7086,JARID2
7087,SERGEF
7088,TRIM41
7089,PDS5A
7090,CABYR
7091,TNFSF14
7092,AASS
7093,ELF3
7094,CTSF
7095,ADAMTS12
7096,IRAK1
7097,MR1
7098,TMC8
7099,SERPINB6
7100,ITIH3
7101,DPAGT1
7102,SLC13A3
7103,CEACAM6
7104,HEXIM1
7105,TMEM87B
7106,SPCS3
7107,TOPORS
7108,ISG15
7109,TCEA1
7110,ANAPC11
7111,RORA
7112,ARHGDIA
7113,ACY3
7114,CD44
7115,TBP
7116,SEC14L1
7117,VGF
7118,BANF1
7119,PITPNA
7120,MPHOSPH10
7121,AQP11
7122,SNX4
7123,LRPPRC
7124,MAPK12
7125,CHTF8
7126,IDH3A
7127,RBM22
7128,PITRM1
7129,SPIN1
7130,PUM2
7131,SPOCK1
7132,RECQL4
7133,SUPT7L
7134,SH3KBP1
7135,POLR2B
7136,ALPK3
7137,MYL6B
7138,TPGS2
7139,ADIPOR2
7140,ZNF253
7141,ELP5
7142,ADI1
7143,HIPK3
7144,MPV17L2
7145,BUB1B
7146,EPHB2
7147,RPL5
7148,SMOC2
7149,IL13RA1
7150,ARVCF
7151,EIF4A2
7152,CITED2
7153,LMOD1
7154,RAB35
7155,SIPA1L3
7156,ADCY9
7157,B4GALT2
7158,TBX15
7159,KCTD3
7160,AP1S1
7161,MAN2B2
7162,NDUFS4
7163,TMPRSS15
7164,EEF1B2
7165,SMIM3
7166,MRPS31
7167,B3GAT1
7168,WDSUB1
7169,RPL18
7170,UNC119
7171,VAV1
7172,TM7SF2
7173,AOC3
7174,PCK2
7175,MAT2A
7176,ADAP1
7177,EFNA3
7178,TOB2
7179,ESD
7180,ARHGEF1
7181,GLMP
7182,TP53I13
7183,PCOLCE2
7184,WDR75
7185,TIE1
7186,TREM2
7187,VAPB
7188,ABCD1
7189,SAMM50
7190,FBXO44
7191,ATL3
7192,VEGFB
7193,TAGLN2
7194,BCL2L1
7195,VASN
7196,TRAPPC6A
7197,PKIA
7198,RUVBL1
7199,INPPL1
7200,TAP2
7201,THBS2
7202,SPOP
7203,CSNK2A2
7204,PLA2G15
7205,UBA52
7206,JAK1
7207,SOD3
7208,QPRT
7209,NCOR2
7210,MLIP
7211,PPP4R1
7212,RNF123
7213,CA1
7214,SLC25A23
7215,CMIP
7216,ENAH
7217,CXCL13
7218,PCBP2
7219,SLC30A5
7220,FGFR2
7221,PAPSS2
7222,ANO6
7223,KDM1B
7224,STARD8
7225,TWIST2
7226,HIBADH
7227,NRIP1
7228,NCOA5
7229,IFFO1
7230,CST7
7231,FOXN2
7232,KNSTRN
7233,KRT8
7234,MRPL34
7235,CRLS1
7236,PHF13
7237,DNAJA4
7238,RPL39L
7239,TUFM
7240,CDK11B
7241,TMEM135
7242,ADRA2A
7243,CYBB
7244,SPINT1
7245,C4orf3
7246,TAPBP
7247,SMARCA2
7248,TNIP1
7249,UBE2D3
7250,KAT8
7251,UBTF
7252,G3BP1
7253,SH3PXD2B
7254,PDCD5
7255,ACSL4
7256,ZNF106
7257,TM4SF1
7258,ANO3
7259,WNK2
7260,ETV4
7261,LMTK2
7262,RDH14
7263,UBAC2
7264,SQSTM1
7265,TAPBPL
7266,APOL2
7267,KAT2B
7268,ORAI1
7269,PRELP
7270,LDLRAD1
7271,TOM1
7272,MAPT
7273,TRPM4
7274,NAB2
7275,SUMF2
7276,ABCC4
7277,SCAP
7278,NDOR1
7279,TSPY2
7280,CD34
7281,SLC11A2
7282,SRSF2
7283,IGHD
7284,CORO1C
7285,NMNAT2
7286,PSMD4
7287,MME
7288,HGFAC
7289,NFE2L1
7290,EZH2
7291,SKIL
7292,TSC22D4
7293,FDPS
7294,FZD7
7295,HMG20B
7296,SLC35C2
7297,TNFRSF9
7298,DNTTIP1
7299,AIG1
7300,CHMP3
7301,JRKL
7302,CNTROB
7303,PRUNE2
7304,USP22
7305,UNC50
7306,SCGB1D2
7307,CPED1
7308,TPSAB1
7309,PRSS1
7310,TFF1
7311,NINJ1
7312,PYCR1
7313,CUTC
7314,ZNF57
7315,POLE3
7316,EMC2
7317,CITED4
7318,VEZF1
7319,SCP2
7320,CCL15
7321,SCAF1
7322,C6orf136
7323,BAIAP2L1
7324,PABPC1
7325,KLF6
7326,KCNN4
7327,CDK7
7328,JAG1
7329,MAP3K2
7330,LSM6
7331,APOA4
7332,CTU2
7333,MAD2L2
7334,PNN
7335,TCF7
7336,PPP5C
7337,HIBCH
7338,SELP
7339,RNF216
7340,SYVN1
7341,CDC23
7342,ARGLU1
7343,P3H2
7344,OCIAD2
7345,EXOC1
7346,CTR9
7347,EDEM3
7348,SULT1A2
7349,RORC
7350,BOLA1
7351,SEC14L2
7352,RRAD
7353,H2AFX
7354,RPS27A
7355,RPL7L1
7356,HAPLN3
7357,RPS27L
7358,MCEE
7359,TUFT1
7360,MRPL52
7361,CCT4
7362,SERPINA6
7363,TCTN3
7364,LAT2
7365,TPST1
7366,EIF4B
7367,EFTUD2
7368,ENSA
7369,SDHAF1
7370,IPO7
7371,MBOAT7
7372,HDHD3
7373,LSM3
7374,NELFB
7375,LTA4H
7376,MTDH
7377,STX12
7378,SF3A1
7379,CYTH4
7380,TP53RK
7381,PJA1
7382,BFAR
7383,FUT1
7384,RBM39
7385,NAA11
7386,EXOSC4
7387,SLC17A2
7388,EPHB6
7389,KCNH3
7390,MAT2B
7391,JUNB
7392,CPTP
7393,FOLH1
7394,SLC7A8
7395,POP7
7396,GABRA2
7397,MRPS21
7398,NUBP2
7399,EHF
7400,AASDHPPT
7401,MAPK15
7402,ECHS1
7403,GGT6
7404,KRT6A
7405,POLE4
7406,NIPBL
7407,SEC63
7408,CD209
7409,SLC2A4RG
7410,SPRR1A
7411,DUSP26
7412,MYO6
7413,DSTYK
7414,ENPP6
7415,TRO
7416,SEMA6A
7417,IGSF1
7418,COX14
7419,BIRC2
7420,GCGR
7421,UPF3A
7422,PARP2
7423,CD8A
7424,ZNRF2
7425,RPL23
7426,PIK3R4
7427,SPARC
7428,ENPP2
7429,PPP1R18
7430,PPP1R12C
7431,PRNP
7432,SPPL2A
7433,WDR82
7434,DLX1
7435,CHP2
7436,PLEC
7437,POLDIP2
7438,GUCY2C
7439,MXD1
7440,STUB1
7441,SF3A3
7442,RAB33A
7443,H2AFV
7444,MAP1B
7445,CSGALNACT2
7446,KIF16B
7447,ATPAF2
7448,GBE1
7449,ELOVL6
7450,CABIN1
7451,TIMP1
7452,CNDP2
7453,ACTR6
7454,IL15RA
7455,PROM2
7456,DEFB1
7457,ELAVL1
7458,CD5L
7459,SLCO4C1
7460,ARHGAP21
7461,RPRD1A
7462,EPHA2
7463,ZNF629
7464,CYP4F2
7465,MADD
7466,PPP6R1
7467,PADI3
7468,STEAP2
7469,IRF2BP1
7470,ASPH
7471,TDRKH
7472,UBTD2
7473,S100A14
7474,SEC23IP
7475,ZNF185
7476,IGFBP7
7477,VOPP1
7478,MRPL49
7479,OAS3
7480,PIK3AP1
7481,HLTF
7482,STAT4
7483,CYP2S1
7484,FXYD2
7485,FCN3
7486,SNRPA1
7487,UCKL1
7488,MED10
7489,GRHL2
7490,ACO2
7491,OAS2
7492,DDX27
7493,SEC62
7494,CAPN8
7495,MVD
7496,RHCG
7497,SERP1
7498,TOR1B
7499,FADS6
7500,MYOF
7501,GNG5
7502,GSTA2
7503,LGALS4
7504,ETV1
7505,MAGEH1
7506,FGFRL1
7507,NAT9
7508,ZKSCAN1
7509,TMEM42
7510,TBK1
7511,RAB28
7512,AIMP2
7513,HMGN2
7514,UGT1A7
7515,EPB41L1
7516,TSPAN15
7517,CES1
7518,IRX3
7519,DBP
7520,HBA1
7521,MSMO1
7522,RASGRF1
7523,RGN
7524,DUSP1
7525,ARHGAP35
7526,TMEM147
7527,F5
7528,CPA1
7529,TBC1D9B
7530,ALPL
7531,ADAR
7532,MRPL30
7533,HBEGF
7534,PRAP1
7535,SETD1A
7536,TRPV4
7537,PSMB2
7538,OSCAR
7539,TSPAN13
7540,TFAP2C
7541,RHBDL1
7542,PRDX1
7543,CDR2
7544,ZNF696
7545,STMN1
7546,PIDD1
7547,MRPS30
7548,ABCF1
7549,PRPF4B
7550,SETD3
7551,PABPC4
7552,KCNMB4
7553,ENY2
7554,MTIF3
7555,CLYBL
7556,PARM1
7557,SLC5A6
7558,CTNND2
7559,GCSH
7560,TMEM165
7561,NEO1
7562,TMEM230
7563,ACOT2
7564,SLC26A9
7565,PDGFRA
7566,RABEP2
7567,AGL
7568,H1F0
7569,SLC25A1
7570,GRAMD4
7571,LAMC3
7572,SLC3A2
7573,COL4A1
7574,ACVRL1
7575,PPFIBP1
7576,DR1
7577,UBR2
7578,CHTF18
7579,RAD50
7580,RPS9
7581,ILF2
7582,ST6GAL1
7583,TUBA4A
7584,GRPR
7585,AATF
7586,RALGPS2
7587,ZNF768
7588,MIER1
7589,SLC25A22
7590,SIGLEC1
7591,ZNF444
7592,POM121
7593,AIP
7594,ABCB1
7595,HTT
7596,EIF4A3
7597,CDC42BPB
7598,IDH3G
7599,TOMM5
7600,GLCE
7601,EIF2D
7602,RPL8
7603,CLPTM1
7604,PGAM5
7605,DTL
7606,SYS1
7607,KCNK1
7608,COX15
7609,PSMB4
7610,TIPRL
7611,MTSS1
7612,ADA
7613,IFI27
7614,GCG
7615,ATP1B1
7616,ERAL1
7617,ANXA6
7618,IGLC2
7619,NOL6
7620,IGSF3
7621,SLC43A1
7622,CLDND1
7623,COQ5
7624,VPS28
7625,CHRNA3
7626,ZNF226
7627,CYP4F22
7628,RCAN1
7629,AEN
7630,EIF3K
7631,TOPBP1
7632,RERE
7633,AK1
7634,GNB1
7635,WNT11
7636,EMILIN1
7637,MCFD2
7638,CD36
7639,DYNC1H1
7640,MSRB3
7641,ANLN
7642,SYK
7643,CENPN
7644,CRMP1
7645,PLXNB3
7646,VPS11
7647,BTG3
7648,KIF5B
7649,GCAT
7650,SLTM
7651,UBE2C
7652,GNB5
7653,SELPLG
7654,XRN2
7655,ANKRD54
7656,POLR1E
7657,SLC25A47
7658,EIF5A2
7659,ARHGEF3
7660,MARS2
7661,NPM3
7662,WWP1
7663,CDCA5
7664,NCBP2
7665,ELMO3
7666,TTYH2
7667,STX2
7668,HIST1H2BC
7669,SPSB1
7670,ARHGAP39
7671,CSF1R
7672,VPS51
7673,NFU1
7674,COA3
7675,GATAD2A
7676,BCORL1
7677,SLC1A4
7678,SORD
7679,TMEM209
7680,PACSIN1
7681,MRPL19
7682,ZNF34
7683,MRAS
7684,CLDN23
7685,EFNA2
7686,DGUOK
7687,GLRB
7688,EIF5
7689,ARL4A
7690,HSD17B3
7691,DSCC1
7692,ADRA1D
7693,RND2
7694,COX4I1
7695,BHLHE40
7696,LDLRAP1
7697,RBM42
7698,A4GALT
7699,CENPW
7700,MTM1
7701,NDUFAF1
7702,GLS
7703,NDUFA1
7704,SVIL
7705,FLCN
7706,MARCKSL1
7707,CLASRP
7708,SMARCD3
7709,GPD1
7710,KDR
7711,SRGN
7712,LIMD1
7713,CAPN7
7714,EFNA1
7715,FAM162A
7716,INHBB
7717,LSM4
7718,INIP
7719,CXCR6
7720,CTNND1
7721,TIMM8A
7722,RAB10
7723,GDPD5
7724,CKMT2
7725,CYB5B
7726,ADM
7727,ABHD6
7728,CD9
7729,RAVER1
7730,TDGF1
7731,CAPRIN2
7732,MRPL14
7733,CCL16
7734,VAMP4
7735,VTCN1
7736,RNF103
7737,TCP10L
7738,CHST11
7739,RBMS1
7740,DAG1
7741,FBXO17
7742,CDCA4
7743,RDX
7744,CTSH
7745,GPT
7746,FLRT3
7747,COPA
7748,NTS
7749,IL22RA1
7750,RAB13
7751,CYB5R3
7752,PELO
7753,CEP57
7754,SRP14
7755,SNRPB2
7756,ARSA
7757,RARRES2
7758,CPB2
7759,UGT3A2
7760,RAMP1
7761,ETFDH
7762,DNAAF1
7763,DIDO1
7764,KCND3
7765,SUOX
7766,NR3C1
7767,IGHG2
7768,EDDM3B
7769,SCAF8
7770,ABHD12
7771,PYGL
7772,CACYBP
7773,MPP6
7774,SNCAIP
7775,LIMA1
7776,LIMK2
7777,PHF8
7778,DNAJC7
7779,RGCC
7780,DDX39A
7781,FUZ
7782,ZBTB38
7783,SMAD7
7784,NR1D1
7785,ZHX1
7786,KLK6
7787,PTGER4
7788,KPNA2
7789,API5
7790,RRM2B
7791,ARL6IP1
7792,PDGFRB
7793,SUPT6H
7794,CYTH1
7795,TERF2IP
7796,RBMX
7797,PLAC9
7798,MDH1
7799,KLF5
7800,SH3GL1
7801,THOC6
7802,RPL11
7803,COLEC10
7804,IL11
7805,HBP1
7806,EPHB3
7807,LDB1
7808,SLC23A2
7809,IDO1
7810,COL23A1
7811,LPA
7812,MAP4
7813,GABBR1
7814,PSMD2
7815,ITGAX
7816,PEG10
7817,KIF13A
7818,SRP72
7819,TRPM7
7820,MCC
7821,REN
7822,AMT
7823,CYB561A3
7824,MXRA5
7825,ITGAV
7826,SDC1
7827,TMEM38A
7828,KIAA0319
7829,CD55
7830,PLEKHG2
7831,C1QTNF9B
7832,USP5
7833,RITA1
7834,CYP3A43
7835,PRKCD
7836,RTKN
7837,YES1
7838,BEX4
7839,SLC41A2
7840,LMBRD2
7841,CCL20
7842,FAM110A
7843,RPL22L1
7844,C6orf203
7845,TMEM72
7846,PCYOX1
7847,PDCD1LG2
7848,HNRNPA0
7849,WFDC2
7850,CTTNBP2
7851,SOCS3
7852,JPH3
7853,SMARCE1
7854,CHPF
7855,ELL
7856,ZBED1
7857,FIP1L1
7858,MRPL36
7859,AHRR
7860,C5orf15
7861,CDKN2AIP
7862,PIGQ
7863,S100A10
7864,FAM220A
7865,ZSCAN26
7866,UBE2B
7867,MFAP1
7868,ZNF687
7869,PHLPP1
7870,JADE2
7871,PLXNB2
7872,TBX3
7873,STX10
7874,TMED5
7875,TFPI
7876,XPO1
7877,SPIB
7878,KIF5C
7879,FAM210A
7880,ANGPTL3
7881,PRDX4
7882,TOX4
7883,ZRANB2
7884,CNN1
7885,ZBTB45
7886,SLC9A3R2
7887,OBSCN
7888,CFP
7889,SMC2
7890,PEX2
7891,MELK
7892,KLHDC2
7893,FBXW2
7894,GCLM
7895,INPP5D
7896,CDHR2
7897,SMG5
7898,PTGS1
7899,CFHR4
7900,TMEM18
7901,NUDT19
7902,TRIM21
7903,SFXN3
7904,HTRA2
7905,PDGFD
7906,GSK3B
7907,OCA2
7908,REXO2
7909,CLSTN3
7910,ERGIC1
7911,TCERG1
7912,C19orf33
7913,RALY
7914,LUM
7915,SLC7A2
7916,HOXC9
7917,WDR61
7918,PRPF38B
7919,RIPK4
7920,DNM2
7921,CHRD
7922,GRASP
7923,DCTN2
7924,U2AF2
7925,HNRNPH2
7926,GSTM1
7927,ADAMTS1
7928,SNTB1
7929,CGNL1
7930,DNAJC2
7931,CDHR5
7932,PPM1A
7933,CALCRL
7934,NFIC
7935,TRAK1
7936,PRSS23
7937,KIF26A
7938,TATDN2
7939,CBX8
7940,SPINT2
7941,TRAPPC9
7942,ARG1
7943,ABCC3
7944,APCS
7945,LIPH
7946,FOXM1
7947,CHCHD3
7948,F2R
7949,CHMP2A
7950,AURKA
7951,PSMB7
7952,NUFIP2
7953,EREG
7954,LUC7L3
7955,TMEM9B
7956,IL13RA2
7957,SAP18
7958,SOD2
7959,BRIX1
7960,ZNF165
7961,HSD11B1
7962,ATIC
7963,CCL23
7964,MSN
7965,PCBD1
7966,SLC29A3
7967,NDUFS6
7968,SERINC5
7969,ASH2L
7970,NELFE
7971,ZDHHC9
7972,VAX2
7973,DLGAP4
7974,IMPDH2
7975,TST
7976,ABCB8
7977,DLG3
7978,GREM2
7979,TYMS
7980,COL5A3
7981,RNF122
7982,INTS12
7983,PDXP
7984,SGPL1
7985,SERPINA5
7986,GPKOW
7987,PFKFB4
7988,TFE3
7989,COPE
7990,MGAT1
7991,EIF2S1
7992,ACADS
7993,SUPT5H
7994,NISCH
7995,SYNGR4
7996,HNRNPM
7997,CCT2
7998,CFHR3
7999,LAMA3
8000,PIK3CD
8001,TXN2
8002,TCF25
8003,MAP2K3
8004,CHST1
8005,CHPF2
8006,UCP2
8007,KCNB1
8008,GOLGA5
8009,HPD
8010,ARPC2
8011,HNF1B
8012,ITPRIP
8013,PDCD2
8014,FRMD3
8015,NSRP1
8016,EMCN
8017,SIGMAR1
8018,BGN
8019,TIGD1
8020,FOXP3
8021,THEM5
8022,GCA
8023,PAH
8024,LBH
8025,AKAP13
8026,TFDP3
8027,LPIN1
8028,RPL21
8029,GOLT1A
8030,TSHZ2
8031,RBM10
8032,HDAC5
8033,FOXC1
8034,GAS1
8035,HMMR
8036,DDX3X
8037,CCNY
8038,ZFP36L1
8039,SNX8
8040,MERTK
8041,TBCB
8042,MYO1F
8043,SIDT2
8044,TOMM22
8045,PROZ
8046,VPS4A
8047,BCAR1
8048,MRPS25
8049,NUP160
8050,IMPA2
8051,MMP3
8052,LEPROT
8053,DDX54
8054,SCNN1G
8055,VEZT
8056,BLCAP
8057,AS3MT
8058,TROAP
8059,AP4B1
8060,MICU2
8061,NDUFA10
8062,KRT6C
8063,MGAT5B
8064,EIF5A
8065,TRAPPC11
8066,CPS1
8067,PTGER1
8068,STARD3
8069,CNOT1
8070,TSPYL4
8071,GALE
8072,GMIP
8073,EPCAM
8074,SNAP23
8075,NUDT13
8076,ANAPC7
8077,NDUFC2
8078,ZBTB18
8079,PRPF18
8080,ECT2
8081,TRIM35
8082,UST
8083,RAB3D
8084,ALB
8085,GLT1D1
8086,SFPQ
8087,RIC8A
8088,CD72
8089,GDNF
8090,HSD17B6
8091,VKORC1L1
8092,TINAGL1
8093,PFKFB2
8094,PTPRD
8095,TMEM65
8096,CEACAM21
8097,CMTR1
8098,DENND4A
8099,GNL3
8100,AGPAT3
8101,TFDP1
8102,RAB1A
8103,ZBTB44
8104,PECAM1
8105,SEZ6
8106,STYX
8107,MGMT
8108,ISLR
8109,CYHR1
8110,MYLK
8111,STX16
8112,SRRT
8113,SRP68
8114,IL17RC
8115,GTF3C1
8116,CLIP2
8117,HRASLS2
8118,CBY1
8119,CRLF2
8120,MAP3K14
8121,ITCH
8122,SLC30A10
8123,CENPT
8124,CNNM1
8125,PBX2
8126,PPIL3
8127,TRAF1
8128,SEC14L4
8129,FMR1NB
8130,SPTLC1
8131,AHCY
8132,SLC12A1
8133,ZMYND19
8134,MEST
8135,CHERP
8136,ATP6AP1
8137,UBE2G2
8138,MED27
8139,BNIP3
8140,EPS15L1
8141,ZNF324
8142,TFB2M
8143,PODXL
8144,ATP6V0E2
8145,IL2RB
8146,DAD1
8147,MED13
8148,STK36
8149,DNAJB4
8150,CYB5R1
8151,DUOX2
8152,APTX
8153,KDELR1
8154,PRKCE
8155,IDE
8156,C11orf49
8157,GTF2F1
8158,TMEM208
8159,TANK
8160,TARS2
8161,RELA
8162,BANP
8163,SLC1A1
8164,AREL1
8165,NR1D2
8166,SAA4
8167,C4A
8168,DYRK1A
8169,JUND
8170,GEMIN7
8171,HSPA1B
8172,GLE1
8173,TMEM171
8174,PNO1
8175,PNPLA8
8176,STX4
8177,HCK
8178,CER1
8179,TEAD3
8180,CYP17A1
8181,CTSL
8182,STEAP3
8183,RNF19A
8184,ILKAP
8185,EMID1
8186,FUT3
8187,PTTG1IP
8188,RTN4R
8189,PAG1
8190,TCF20
8191,CNPY3
8192,SHMT1
8193,FASTKD2
8194,SH3BGRL2
8195,MYH10
8196,PLVAP
8197,SRSF3
8198,C3AR1
8199,NEU1
8200,ZNF207
8201,CACNG7
8202,HGF
8203,RIPK1
8204,PEX12
8205,TMEM150A
8206,NUDT5
8207,H2AFY2
8208,MAPK1
8209,MED15
8210,PGM5
8211,HIGD2A
8212,SLC29A1
8213,RPS25
8214,REXO1
8215,FOXN4
8216,NHLRC1
8217,RPS6KC1
8218,ATP6V0C
8219,GEM
8220,MICA
8221,ROBO4
8222,OLA1
8223,HFE
8224,CDA
8225,CRHBP
8226,HMGCS1
8227,VAV2
8228,ACER3
8229,KCNN2
8230,DDX17
8231,MPV17L
8232,ALG2
8233,TPD52L1
8234,M6PR
8235,GOPC
8236,MTMR1
8237,TPI1
8238,DUT
8239,ARSB
8240,ERC1
8241,CLIP1
8242,TAF13
8243,PIGU
8244,DHRS3
8245,ACTG2
8246,COLGALT2
8247,HCFC1R1
8248,ABCD4
8249,PAPPA2
8250,WASF2
8251,RANBP3
8252,CH25H
8253,TRIM33
8254,SUGP1
8255,PNMA3
8256,XPC
8257,PREB
8258,GSTM5
8259,HMGN3
8260,PPM1G
8261,GOLGA3
8262,NSF
8263,FASTKD5
8264,SLC43A3
8265,USP32
8266,KRAS
8267,RNF43
8268,PSMC6
8269,COMP
8270,SLC35A5
8271,B4GALT7
8272,GABBR2
8273,SLC35B2
8274,SOAT1
8275,TCEAL3
8276,MAGEC2
8277,DLG5
8278,PRDM15
8279,PCNT
8280,PAICS
8281,CASC4
8282,EEF1A1
8283,NPR1
8284,BIVM
8285,TMEM47
8286,GBP3
8287,DSG1
8288,ADRA2C
8289,TEX264
8290,CAPN1
8291,ADO
8292,AP2S1
8293,ATP6V1F
8294,AMFR
8295,BARX1
8296,ABCG5
8297,KDM2A
8298,NDUFA9
8299,SH3BGRL3
8300,SNX5
8301,BHMT
8302,UGT2A3
8303,SALL3
8304,BHLHE41
8305,RAD51AP1
8306,ZNF638
8307,ALKBH2
8308,GTF2H5
8309,ERF
8310,MARC1
8311,FSTL3
8312,VRK1
8313,ASH1L
8314,MRPS22
8315,LEP
8316,PCMT1
8317,CDKN2C
8318,CD3EAP
8319,MATK
8320,EBF4
8321,RAB24
8322,EMG1
8323,RAB5B
8324,NIPSNAP1
8325,LRWD1
8326,CCRL2
8327,GXYLT2
8328,STRN3
8329,NAA20
8330,SNAPIN
8331,MOAP1
8332,CTAG2
8333,IFI35
8334,IGF2R
8335,BMP1
8336,NTHL1
8337,BCL2L11
8338,GGPS1
8339,DCAF5
8340,RSAD2
8341,CMA1
8342,ATRN
8343,OMA1
8344,SPG7
8345,LAMP1
8346,FLNB
8347,SLC3A1
8348,ENTPD2
8349,FBLN1
8350,COL12A1
8351,KRT85
8352,CASKIN2
8353,UGP2
8354,TIMM21
8355,HLA-DQB2
8356,BECN1
8357,CD38
8358,DUSP3
8359,TPRKB
8360,EXOC6B
8361,SLC12A4
8362,COQ9
8363,STAT5B
8364,GLG1
8365,SCARB2
8366,CSDE1
8367,ZC3H15
8368,NAV3
8369,DLC1
8370,HDAC1
8371,ZNF432
8372,CBR3
8373,UMPS
8374,KANK1
8375,CDKN3
8376,TNFRSF10B
8377,DNASE1L1
8378,PKP4
8379,MAF
8380,ACMSD
8381,CILP
8382,PARP3
8383,LPXN
8384,PDZD11
8385,CHAF1A
8386,SLC27A5
8387,ZSCAN31
8388,HARS2
8389,OLFML3
8390,KPTN
8391,PRTFDC1
8392,C9orf72
8393,PACSIN3
8394,NBEAL2
8395,CD14
8396,IMP4
8397,ATP6V0D2
8398,ABHD14B
8399,SLC15A4
8400,SERPINE1
8401,SLC25A17
8402,SEC23B
8403,RBX1
8404,PSMC5
8405,AKAP12
8406,RPL13A
8407,AXIN2
8408,CADPS
8409,PSD3
8410,FBXO4
8411,IST1
8412,CENPU
8413,GSN
8414,DHX29
8415,TKTL1
8416,SCGB1A1
8417,TMX4
8418,ABCE1
8419,MARK2
8420,HAL
8421,RBPJ
8422,FCER1A
8423,ENPP7
8424,RPL18A
8425,TNFRSF19
8426,AOX1
8427,DUSP8
8428,VPS29
8429,TBCD
8430,APOA2
8431,FAM57A
8432,CDT1
8433,TRIM37
8434,TOR3A
8435,CASQ2
8436,PTTG1
8437,MARCH2
8438,KHSRP
8439,MARVELD2
8440,YBX2
8441,VPS37C
8442,ESYT2
8443,RANBP2
8444,DHRS1
8445,SMARCAL1
8446,IDS
8447,ARHGAP11A
8448,RALGAPA2
8449,DNTTIP2
8450,ABCC2
8451,EBF1
8452,GPC4
8453,NFE2L2
8454,CD79A
8455,HENMT1
8456,CCDC106
8457,MANEA
8458,MAST4
8459,ADAMTSL2
8460,CLIC3
8461,TOM1L1
8462,DCAKD
8463,SRSF4
8464,P3H4
8465,GLDC
8466,DAB2
8467,HMGN5
8468,TTC19
8469,PRRX1
8470,STS
8471,ANAPC13
8472,CALM1
8473,CD3E
8474,CCNO
8475,POMP
8476,PDGFB
8477,FLOT1
8478,MMP13
8479,GGA1
8480,AIF1
8481,TAX1BP3
8482,TECR
8483,MINK1
8484,NPC2
8485,GAK
8486,TCF19
8487,C1R
8488,RPE
8489,APOA1
8490,ENPP4
8491,PGD
8492,RPS28
8493,OXER1
8494,VPS4B
8495,DLK2
8496,FGF8
8497,GRB7
8498,FHL1
8499,PEX14
8500,IGHA2
8501,TMEM59
8502,RAB18
8503,MYH9
8504,CHRDL1
8505,PAEP
8506,MAZ
8507,PTF1A
8508,ENDOG
8509,WWC1
8510,SQLE
8511,TFPT
8512,COMMD1
8513,UBLCP1
8514,FNDC4
8515,SUCO
8516,B4GALT4
8517,CDIP1
8518,CSNK1D
8519,CCNB2
8520,EHHADH
8521,RNF146
8522,MRPL18
8523,GPR143
8524,KNTC1
8525,ECM2
8526,RAB9A
8527,NCAPH
8528,PCIF1
8529,LMO7
8530,ENPP3
8531,MICALL1
8532,RHOV
8533,KIF21A
8534,ANO10
8535,RAB22A
8536,GLB1L
8537,EDC4
8538,LPIN3
8539,GDI2
8540,CYP2C19
8541,INTS1
8542,STAU2
8543,IL13
8544,PAFAH1B2
8545,RPL36A
8546,KRT18
8547,TACR1
8548,COLGALT1
8549,NCKIPSD
8550,NDUFS2
8551,TDRD9
8552,CFHR5
8553,UBQLN4
8554,SIX2
8555,HABP4
8556,TMEM258
8557,CALY
8558,RBP5
8559,C4BPA
8560,HPS5
8561,RNF41
8562,PRCP
8563,ATG4A
8564,IRF2BP2
8565,VSIG1
8566,MRPL27
8567,PDE9A
8568,CEP350
8569,EMC10
8570,NBN
8571,RAB27B
8572,SDR16C5
8573,CNOT2
8574,MAPK11
8575,TWSG1
8576,MCCD1
8577,LMBR1
8578,SPOCK2
8579,SETX
8580,PTDSS2
8581,AMER1
8582,HSPA4
8583,TCIRG1
8584,PTK6
8585,MED11
8586,TIMELESS
8587,NLK
8588,TRIB1
8589,FOXO4
8590,IGHG1
8591,SLC25A29
8592,LEPR
