,TCGA,miRTarBase
0,hsa-let-7a-2,hsa-let-7a-2-3p
1,hsa-let-7b,hsa-let-7b-5p
2,hsa-let-7c,hsa-let-7c-5p
3,hsa-let-7d,hsa-let-7d-5p
4,hsa-let-7e,hsa-let-7e-5p
5,hsa-let-7f-1,hsa-let-7f-1-3p
6,hsa-let-7f-2,hsa-let-7f-2-3p
7,hsa-let-7g,hsa-let-7g-5p
8,hsa-let-7i,hsa-let-7i-3p
9,hsa-mir-100,hsa-miR-100-3p
10,hsa-mir-103a-2,hsa-miR-103a-2-5p
11,hsa-mir-106a,hsa-miR-106a-5p
12,hsa-mir-106b,hsa-miR-106b-5p
13,hsa-mir-107,hsa-miR-107
14,hsa-mir-10a,hsa-miR-10a-5p
15,hsa-mir-10b,hsa-miR-10b-5p
16,hsa-mir-1178,hsa-miR-1178-3p
17,hsa-mir-1179,hsa-miR-1179
18,hsa-mir-1180,hsa-miR-1180-5p
19,hsa-mir-1181,hsa-miR-1181
20,hsa-mir-1182,hsa-miR-1182
21,hsa-mir-1185-1,hsa-miR-1185-1-3p
22,hsa-mir-1185-2,hsa-miR-1185-2-3p
23,hsa-mir-1193,hsa-miR-1193
24,hsa-mir-1197,hsa-miR-1197
25,hsa-mir-1199,hsa-miR-1199-5p
26,hsa-mir-1203,hsa-miR-1203
27,hsa-mir-1204,hsa-miR-1204
28,hsa-mir-1205,hsa-miR-1205
29,hsa-mir-1207,hsa-miR-1207-3p
30,hsa-mir-122,hsa-miR-122-3p
31,hsa-mir-1224,hsa-miR-1224-5p
32,hsa-mir-1225,hsa-miR-1225-3p
33,hsa-mir-1226,hsa-miR-1226-3p
34,hsa-mir-1227,hsa-miR-1227-3p
35,hsa-mir-1228,hsa-miR-1228-5p
36,hsa-mir-1229,hsa-miR-1229-3p
37,hsa-mir-1231,hsa-miR-1231
38,hsa-mir-1234,hsa-miR-1234-3p
39,hsa-mir-1236,hsa-miR-1236-5p
40,hsa-mir-1237,hsa-miR-1237-5p
41,hsa-mir-1238,hsa-miR-1238-5p
42,hsa-mir-1243,hsa-miR-1243
43,hsa-mir-1245a,hsa-miR-1245a
44,hsa-mir-1245b,hsa-miR-1245b-3p
45,hsa-mir-1246,hsa-miR-1246
46,hsa-mir-1247,hsa-miR-1247-3p
47,hsa-mir-1248,hsa-miR-1248
48,hsa-mir-1249,hsa-miR-1249-3p
49,hsa-mir-1250,hsa-miR-1250-5p
50,hsa-mir-1251,hsa-miR-1251-5p
51,hsa-mir-1252,hsa-miR-1252-3p
52,hsa-mir-1253,hsa-miR-1253
53,hsa-mir-1255a,hsa-miR-1255a
54,hsa-mir-1256,hsa-miR-1256
55,hsa-mir-1257,hsa-miR-1257
56,hsa-mir-1258,hsa-miR-1258
57,hsa-mir-125a,hsa-miR-125a-3p
58,hsa-mir-125b-2,hsa-miR-125b-2-3p
59,hsa-mir-126,hsa-miR-126-3p
60,hsa-mir-1260a,hsa-miR-1260a
61,hsa-mir-1260b,hsa-miR-1260b
62,hsa-mir-1262,hsa-miR-1262
63,hsa-mir-1263,hsa-miR-1263
64,hsa-mir-1264,hsa-miR-1264
65,hsa-mir-1265,hsa-miR-1265
66,hsa-mir-1266,hsa-miR-1266-5p
67,hsa-mir-1267,hsa-miR-1267
68,hsa-mir-1269a,hsa-miR-1269a
69,hsa-mir-1269b,hsa-miR-1269b
70,hsa-mir-127,hsa-miR-127-3p
71,hsa-mir-1270,hsa-miR-1270
72,hsa-mir-1271,hsa-miR-1271-3p
73,hsa-mir-1272,hsa-miR-1272
74,hsa-mir-1273c,hsa-miR-1273c
75,hsa-mir-1273h,hsa-miR-1273h-3p
76,hsa-mir-1275,hsa-miR-1275
77,hsa-mir-1276,hsa-miR-1276
78,hsa-mir-1277,hsa-miR-1277-5p
79,hsa-mir-1278,hsa-miR-1278
80,hsa-mir-128-2,hsa-miR-128-2-5p
81,hsa-mir-1281,hsa-miR-1281
82,hsa-mir-1282,hsa-miR-1282
83,hsa-mir-1284,hsa-miR-1284
84,hsa-mir-1286,hsa-miR-1286
85,hsa-mir-1287,hsa-miR-1287-5p
86,hsa-mir-1288,hsa-miR-1288-5p
87,hsa-mir-129-1,hsa-miR-129-1-3p
88,hsa-mir-129-2,hsa-miR-129-2-3p
89,hsa-mir-1290,hsa-miR-1290
90,hsa-mir-1291,hsa-miR-1291
91,hsa-mir-1292,hsa-miR-1292-3p
92,hsa-mir-1293,hsa-miR-1293
93,hsa-mir-1294,hsa-miR-1294
94,hsa-mir-1295a,hsa-miR-1295a
95,hsa-mir-1295b,hsa-miR-1295b-5p
96,hsa-mir-1296,hsa-miR-1296-3p
97,hsa-mir-1297,hsa-miR-1297
98,hsa-mir-1298,hsa-miR-1298-5p
99,hsa-mir-1299,hsa-miR-1299
100,hsa-mir-1301,hsa-miR-1301-3p
101,hsa-mir-1303,hsa-miR-1303
102,hsa-mir-1304,hsa-miR-1304-3p
103,hsa-mir-1305,hsa-miR-1305
104,hsa-mir-1306,hsa-miR-1306-3p
105,hsa-mir-1307,hsa-miR-1307-5p
106,hsa-mir-130a,hsa-miR-130a-5p
107,hsa-mir-130b,hsa-miR-130b-5p
108,hsa-mir-132,hsa-miR-132-3p
109,hsa-mir-1322,hsa-miR-1322
110,hsa-mir-1323,hsa-miR-1323
111,hsa-mir-133b,hsa-miR-133b
112,hsa-mir-134,hsa-miR-134-5p
113,hsa-mir-1343,hsa-miR-1343-3p
114,hsa-mir-135b,hsa-miR-135b-3p
115,hsa-mir-136,hsa-miR-136-5p
116,hsa-mir-137,hsa-miR-137
117,hsa-mir-138-1,hsa-miR-138-1-3p
118,hsa-mir-138-2,hsa-miR-138-2-3p
119,hsa-mir-139,hsa-miR-139-3p
120,hsa-mir-140,hsa-miR-140-5p
121,hsa-mir-141,hsa-miR-141-3p
122,hsa-mir-142,hsa-miR-142-3p
123,hsa-mir-143,hsa-miR-143-5p
124,hsa-mir-144,hsa-miR-144-5p
125,hsa-mir-145,hsa-miR-145-3p
126,hsa-mir-1468,hsa-miR-1468-5p
127,hsa-mir-1469,hsa-miR-1469
128,hsa-mir-146a,hsa-miR-146a-3p
129,hsa-mir-146b,hsa-miR-146b-3p
130,hsa-mir-147a,hsa-miR-147a
131,hsa-mir-147b,hsa-miR-147b
132,hsa-mir-148a,hsa-miR-148a-3p
133,hsa-mir-148b,hsa-miR-148b-5p
134,hsa-mir-149,hsa-miR-149-5p
135,hsa-mir-150,hsa-miR-150-5p
136,hsa-mir-151a,hsa-miR-151a-3p
137,hsa-mir-151b,hsa-miR-151b
138,hsa-mir-152,hsa-miR-152-5p
139,hsa-mir-1537,hsa-miR-1537-5p
140,hsa-mir-1538,hsa-miR-1538
141,hsa-mir-1539,hsa-miR-1539
142,hsa-mir-154,hsa-miR-154-3p
143,hsa-mir-155,hsa-miR-155-5p
144,hsa-mir-1587,hsa-miR-1587
145,hsa-mir-15a,hsa-miR-15a-5p
146,hsa-mir-15b,hsa-miR-15b-5p
147,hsa-mir-16-1,hsa-miR-16-1-3p
148,hsa-mir-16-2,hsa-miR-16-2-3p
149,hsa-mir-17,hsa-miR-17-3p
150,hsa-mir-181a-2,hsa-miR-181a-2-3p
151,hsa-mir-181b-2,hsa-miR-181b-2-3p
152,hsa-mir-181c,hsa-miR-181c-3p
153,hsa-mir-181d,hsa-miR-181d-5p
154,hsa-mir-182,hsa-miR-182-5p
155,hsa-mir-1825,hsa-miR-1825
156,hsa-mir-183,hsa-miR-183-5p
157,hsa-mir-184,hsa-miR-184
158,hsa-mir-185,hsa-miR-185-3p
159,hsa-mir-186,hsa-miR-186-3p
160,hsa-mir-187,hsa-miR-187-3p
161,hsa-mir-188,hsa-miR-188-3p
162,hsa-mir-18a,hsa-miR-18a-5p
163,hsa-mir-18b,hsa-miR-18b-3p
164,hsa-mir-1908,hsa-miR-1908-3p
165,hsa-mir-1909,hsa-miR-1909-5p
166,hsa-mir-190a,hsa-miR-190a-5p
167,hsa-mir-190b,hsa-miR-190b
168,hsa-mir-191,hsa-miR-191-5p
169,hsa-mir-1910,hsa-miR-1910-5p
170,hsa-mir-1911,hsa-miR-1911-3p
171,hsa-mir-1912,hsa-miR-1912
172,hsa-mir-1913,hsa-miR-1913
173,hsa-mir-1914,hsa-miR-1914-5p
174,hsa-mir-1915,hsa-miR-1915-5p
175,hsa-mir-192,hsa-miR-192-3p
176,hsa-mir-193a,hsa-miR-193a-3p
177,hsa-mir-193b,hsa-miR-193b-5p
178,hsa-mir-195,hsa-miR-195-5p
179,hsa-mir-196b,hsa-miR-196b-3p
180,hsa-mir-197,hsa-miR-197-3p
181,hsa-mir-1976,hsa-miR-1976
182,hsa-mir-198,hsa-miR-198
183,hsa-mir-199b,hsa-miR-199b-3p
184,hsa-mir-19a,hsa-miR-19a-5p
185,hsa-mir-19b-1,hsa-miR-19b-1-5p
186,hsa-mir-19b-2,hsa-miR-19b-2-5p
187,hsa-mir-200a,hsa-miR-200a-5p
188,hsa-mir-200b,hsa-miR-200b-3p
189,hsa-mir-200c,hsa-miR-200c-5p
190,hsa-mir-202,hsa-miR-202-3p
191,hsa-mir-203a,hsa-miR-203a-3p
192,hsa-mir-203b,hsa-miR-203b-5p
193,hsa-mir-204,hsa-miR-204-5p
194,hsa-mir-205,hsa-miR-205-3p
195,hsa-mir-206,hsa-miR-206
196,hsa-mir-208a,hsa-miR-208a-5p
197,hsa-mir-208b,hsa-miR-208b-5p
198,hsa-mir-20a,hsa-miR-20a-5p
199,hsa-mir-20b,hsa-miR-20b-3p
200,hsa-mir-21,hsa-miR-21-5p
201,hsa-mir-210,hsa-miR-210-5p
202,hsa-mir-211,hsa-miR-211-5p
203,hsa-mir-2110,hsa-miR-2110
204,hsa-mir-2113,hsa-miR-2113
205,hsa-mir-2114,hsa-miR-2114-3p
206,hsa-mir-2115,hsa-miR-2115-3p
207,hsa-mir-2116,hsa-miR-2116-5p
208,hsa-mir-2117,hsa-miR-2117
209,hsa-mir-212,hsa-miR-212-3p
210,hsa-mir-214,hsa-miR-214-3p
211,hsa-mir-215,hsa-miR-215-3p
212,hsa-mir-216a,hsa-miR-216a-5p
213,hsa-mir-216b,hsa-miR-216b-5p
214,hsa-mir-217,hsa-miR-217
215,hsa-mir-218-1,hsa-miR-218-1-3p
216,hsa-mir-218-2,hsa-miR-218-2-3p
217,hsa-mir-219a-2,hsa-miR-219a-2-3p
218,hsa-mir-219b,hsa-miR-219b-5p
219,hsa-mir-22,hsa-miR-22-5p
220,hsa-mir-221,hsa-miR-221-3p
221,hsa-mir-222,hsa-miR-222-5p
222,hsa-mir-223,hsa-miR-223-5p
223,hsa-mir-224,hsa-miR-224-3p
224,hsa-mir-2276,hsa-miR-2276-5p
225,hsa-mir-2277,hsa-miR-2277-5p
226,hsa-mir-2278,hsa-miR-2278
227,hsa-mir-2355,hsa-miR-2355-3p
228,hsa-mir-23a,hsa-miR-23a-5p
229,hsa-mir-23b,hsa-miR-23b-3p
230,hsa-mir-23c,hsa-miR-23c
231,hsa-mir-24-2,hsa-miR-24-2-5p
232,hsa-mir-2467,hsa-miR-2467-5p
233,hsa-mir-25,hsa-miR-25-5p
234,hsa-mir-2681,hsa-miR-2681-3p
235,hsa-mir-2682,hsa-miR-2682-3p
236,hsa-mir-26a-1,hsa-miR-26a-1-3p
237,hsa-mir-26a-2,hsa-miR-26a-2-3p
238,hsa-mir-26b,hsa-miR-26b-3p
239,hsa-mir-27a,hsa-miR-27a-5p
240,hsa-mir-27b,hsa-miR-27b-3p
241,hsa-mir-28,hsa-miR-28-3p
242,hsa-mir-2861,hsa-miR-2861
243,hsa-mir-296,hsa-miR-296-5p
244,hsa-mir-298,hsa-miR-298
245,hsa-mir-299,hsa-miR-299-5p
246,hsa-mir-29a,hsa-miR-29a-5p
247,hsa-mir-29b-1,hsa-miR-29b-1-5p
248,hsa-mir-29b-2,hsa-miR-29b-2-5p
249,hsa-mir-29c,hsa-miR-29c-3p
250,hsa-mir-301a,hsa-miR-301a-5p
251,hsa-mir-301b,hsa-miR-301b-3p
252,hsa-mir-302a,hsa-miR-302a-3p
253,hsa-mir-302b,hsa-miR-302b-5p
254,hsa-mir-302c,hsa-miR-302c-3p
255,hsa-mir-302d,hsa-miR-302d-3p
256,hsa-mir-3064,hsa-miR-3064-5p
257,hsa-mir-3065,hsa-miR-3065-5p
258,hsa-mir-3074,hsa-miR-3074-5p
259,hsa-mir-30a,hsa-miR-30a-3p
260,hsa-mir-30b,hsa-miR-30b-3p
261,hsa-mir-30c-1,hsa-miR-30c-1-3p
262,hsa-mir-30c-2,hsa-miR-30c-2-3p
263,hsa-mir-30d,hsa-miR-30d-3p
264,hsa-mir-30e,hsa-miR-30e-3p
265,hsa-mir-31,hsa-miR-31-5p
266,hsa-mir-3115,hsa-miR-3115
267,hsa-mir-3117,hsa-miR-3117-3p
268,hsa-mir-3120,hsa-miR-3120-3p
269,hsa-mir-3121,hsa-miR-3121-3p
270,hsa-mir-3122,hsa-miR-3122
271,hsa-mir-3124,hsa-miR-3124-5p
272,hsa-mir-3125,hsa-miR-3125
273,hsa-mir-3126,hsa-miR-3126-3p
274,hsa-mir-3127,hsa-miR-3127-5p
275,hsa-mir-3128,hsa-miR-3128
276,hsa-mir-3129,hsa-miR-3129-3p
277,hsa-mir-3131,hsa-miR-3131
278,hsa-mir-3132,hsa-miR-3132
279,hsa-mir-3133,hsa-miR-3133
280,hsa-mir-3135a,hsa-miR-3135a
281,hsa-mir-3136,hsa-miR-3136-3p
282,hsa-mir-3137,hsa-miR-3137
283,hsa-mir-3138,hsa-miR-3138
284,hsa-mir-3139,hsa-miR-3139
285,hsa-mir-3140,hsa-miR-3140-5p
286,hsa-mir-3141,hsa-miR-3141
287,hsa-mir-3142,hsa-miR-3142
288,hsa-mir-3143,hsa-miR-3143
289,hsa-mir-3144,hsa-miR-3144-3p
290,hsa-mir-3145,hsa-miR-3145-5p
291,hsa-mir-3146,hsa-miR-3146
292,hsa-mir-3147,hsa-miR-3147
293,hsa-mir-3148,hsa-miR-3148
294,hsa-mir-3149,hsa-miR-3149
295,hsa-mir-3150a,hsa-miR-3150a-5p
296,hsa-mir-3150b,hsa-miR-3150b-5p
297,hsa-mir-3151,hsa-miR-3151-5p
298,hsa-mir-3152,hsa-miR-3152-5p
299,hsa-mir-3153,hsa-miR-3153
300,hsa-mir-3154,hsa-miR-3154
301,hsa-mir-3155a,hsa-miR-3155a
302,hsa-mir-3155b,hsa-miR-3155b
303,hsa-mir-3157,hsa-miR-3157-5p
304,hsa-mir-3159,hsa-miR-3159
305,hsa-mir-3161,hsa-miR-3161
306,hsa-mir-3162,hsa-miR-3162-5p
307,hsa-mir-3163,hsa-miR-3163
308,hsa-mir-3164,hsa-miR-3164
309,hsa-mir-3165,hsa-miR-3165
310,hsa-mir-3166,hsa-miR-3166
311,hsa-mir-3167,hsa-miR-3167
312,hsa-mir-3168,hsa-miR-3168
313,hsa-mir-3170,hsa-miR-3170
314,hsa-mir-3171,hsa-miR-3171
315,hsa-mir-3173,hsa-miR-3173-3p
316,hsa-mir-3174,hsa-miR-3174
317,hsa-mir-3175,hsa-miR-3175
318,hsa-mir-3176,hsa-miR-3176
319,hsa-mir-3177,hsa-miR-3177-5p
320,hsa-mir-3178,hsa-miR-3178
321,hsa-mir-3181,hsa-miR-3181
322,hsa-mir-3182,hsa-miR-3182
323,hsa-mir-3183,hsa-miR-3183
324,hsa-mir-3184,hsa-miR-3184-5p
325,hsa-mir-3185,hsa-miR-3185
326,hsa-mir-3186,hsa-miR-3186-3p
327,hsa-mir-3187,hsa-miR-3187-3p
328,hsa-mir-3188,hsa-miR-3188
329,hsa-mir-3189,hsa-miR-3189-5p
330,hsa-mir-3190,hsa-miR-3190-5p
331,hsa-mir-3191,hsa-miR-3191-5p
332,hsa-mir-3192,hsa-miR-3192-3p
333,hsa-mir-3193,hsa-miR-3193
334,hsa-mir-3194,hsa-miR-3194-3p
335,hsa-mir-3195,hsa-miR-3195
336,hsa-mir-3196,hsa-miR-3196
337,hsa-mir-3197,hsa-miR-3197
338,hsa-mir-32,hsa-miR-32-3p
339,hsa-mir-3200,hsa-miR-3200-3p
340,hsa-mir-320a,hsa-miR-320a
341,hsa-mir-320e,hsa-miR-320e
342,hsa-mir-323a,hsa-miR-323a-3p
343,hsa-mir-323b,hsa-miR-323b-5p
344,hsa-mir-324,hsa-miR-324-5p
345,hsa-mir-326,hsa-miR-326
346,hsa-mir-328,hsa-miR-328-3p
347,hsa-mir-330,hsa-miR-330-5p
348,hsa-mir-331,hsa-miR-331-5p
349,hsa-mir-335,hsa-miR-335-3p
350,hsa-mir-337,hsa-miR-337-3p
351,hsa-mir-338,hsa-miR-338-5p
352,hsa-mir-339,hsa-miR-339-3p
353,hsa-mir-33a,hsa-miR-33a-3p
354,hsa-mir-33b,hsa-miR-33b-3p
355,hsa-mir-340,hsa-miR-340-5p
356,hsa-mir-342,hsa-miR-342-3p
357,hsa-mir-345,hsa-miR-345-5p
358,hsa-mir-346,hsa-miR-346
359,hsa-mir-34a,hsa-miR-34a-5p
360,hsa-mir-34b,hsa-miR-34b-3p
361,hsa-mir-34c,hsa-miR-34c-5p
362,hsa-mir-3529,hsa-miR-3529-3p
363,hsa-mir-3591,hsa-miR-3591-5p
364,hsa-mir-3605,hsa-miR-3605-3p
365,hsa-mir-3606,hsa-miR-3606-3p
366,hsa-mir-3607,hsa-miR-3607-5p
367,hsa-mir-3609,hsa-miR-3609
368,hsa-mir-361,hsa-miR-361-3p
369,hsa-mir-3610,hsa-miR-3610
370,hsa-mir-3611,hsa-miR-3611
371,hsa-mir-3612,hsa-miR-3612
372,hsa-mir-3613,hsa-miR-3613-5p
373,hsa-mir-3614,hsa-miR-3614-5p
374,hsa-mir-3615,hsa-miR-3615
375,hsa-mir-3616,hsa-miR-3616-3p
376,hsa-mir-3617,hsa-miR-3617-5p
377,hsa-mir-3618,hsa-miR-3618
378,hsa-mir-3619,hsa-miR-3619-5p
379,hsa-mir-362,hsa-miR-362-5p
380,hsa-mir-3620,hsa-miR-3620-3p
381,hsa-mir-3621,hsa-miR-3621
382,hsa-mir-3622a,hsa-miR-3622a-5p
383,hsa-mir-3622b,hsa-miR-3622b-5p
384,hsa-mir-363,hsa-miR-363-3p
385,hsa-mir-3646,hsa-miR-3646
386,hsa-mir-3649,hsa-miR-3649
387,hsa-mir-3650,hsa-miR-3650
388,hsa-mir-3651,hsa-miR-3651
389,hsa-mir-3652,hsa-miR-3652
390,hsa-mir-3653,hsa-miR-3653-5p
391,hsa-mir-3654,hsa-miR-3654
392,hsa-mir-3655,hsa-miR-3655
393,hsa-mir-3656,hsa-miR-3656
394,hsa-mir-3657,hsa-miR-3657
395,hsa-mir-3658,hsa-miR-3658
396,hsa-mir-3659,hsa-miR-3659
397,hsa-mir-365a,hsa-miR-365a-3p
398,hsa-mir-365b,hsa-miR-365b-5p
399,hsa-mir-3660,hsa-miR-3660
400,hsa-mir-3661,hsa-miR-3661
401,hsa-mir-3662,hsa-miR-3662
402,hsa-mir-3663,hsa-miR-3663-3p
403,hsa-mir-3664,hsa-miR-3664-5p
404,hsa-mir-3665,hsa-miR-3665
405,hsa-mir-3667,hsa-miR-3667-3p
406,hsa-mir-3668,hsa-miR-3668
407,hsa-mir-367,hsa-miR-367-3p
408,hsa-mir-3671,hsa-miR-3671
409,hsa-mir-3672,hsa-miR-3672
410,hsa-mir-3675,hsa-miR-3675-3p
411,hsa-mir-3677,hsa-miR-3677-3p
412,hsa-mir-3678,hsa-miR-3678-5p
413,hsa-mir-3679,hsa-miR-3679-3p
414,hsa-mir-3681,hsa-miR-3681-5p
415,hsa-mir-3682,hsa-miR-3682-3p
416,hsa-mir-3683,hsa-miR-3683
417,hsa-mir-3684,hsa-miR-3684
418,hsa-mir-3685,hsa-miR-3685
419,hsa-mir-3686,hsa-miR-3686
420,hsa-mir-3689a,hsa-miR-3689a-5p
421,hsa-mir-3689b,hsa-miR-3689b-5p
422,hsa-mir-3689e,hsa-miR-3689e
423,hsa-mir-3689f,hsa-miR-3689f
424,hsa-mir-369,hsa-miR-369-5p
425,hsa-mir-3691,hsa-miR-3691-5p
426,hsa-mir-3692,hsa-miR-3692-5p
427,hsa-mir-370,hsa-miR-370-3p
428,hsa-mir-371a,hsa-miR-371a-5p
429,hsa-mir-371b,hsa-miR-371b-3p
430,hsa-mir-372,hsa-miR-372-5p
431,hsa-mir-373,hsa-miR-373-3p
432,hsa-mir-374a,hsa-miR-374a-3p
433,hsa-mir-374b,hsa-miR-374b-5p
434,hsa-mir-374c,hsa-miR-374c-3p
435,hsa-mir-375,hsa-miR-375
436,hsa-mir-376a-2,hsa-miR-376a-2-5p
437,hsa-mir-376b,hsa-miR-376b-3p
438,hsa-mir-376c,hsa-miR-376c-5p
439,hsa-mir-377,hsa-miR-377-5p
440,hsa-mir-378a,hsa-miR-378a-3p
441,hsa-mir-378b,hsa-miR-378b
442,hsa-mir-378c,hsa-miR-378c
443,hsa-mir-378e,hsa-miR-378e
444,hsa-mir-378f,hsa-miR-378f
445,hsa-mir-378g,hsa-miR-378g
446,hsa-mir-378h,hsa-miR-378h
447,hsa-mir-378i,hsa-miR-378i
448,hsa-mir-378j,hsa-miR-378j
449,hsa-mir-379,hsa-miR-379-5p
450,hsa-mir-380,hsa-miR-380-5p
451,hsa-mir-381,hsa-miR-381-5p
452,hsa-mir-382,hsa-miR-382-3p
453,hsa-mir-383,hsa-miR-383-5p
454,hsa-mir-3907,hsa-miR-3907
455,hsa-mir-3909,hsa-miR-3909
456,hsa-mir-3911,hsa-miR-3911
457,hsa-mir-3912,hsa-miR-3912-3p
458,hsa-mir-3915,hsa-miR-3915
459,hsa-mir-3916,hsa-miR-3916
460,hsa-mir-3917,hsa-miR-3917
461,hsa-mir-3918,hsa-miR-3918
462,hsa-mir-3919,hsa-miR-3919
463,hsa-mir-3920,hsa-miR-3920
464,hsa-mir-3921,hsa-miR-3921
465,hsa-mir-3922,hsa-miR-3922-3p
466,hsa-mir-3923,hsa-miR-3923
467,hsa-mir-3924,hsa-miR-3924
468,hsa-mir-3925,hsa-miR-3925-5p
469,hsa-mir-3927,hsa-miR-3927-5p
470,hsa-mir-3928,hsa-miR-3928-3p
471,hsa-mir-3929,hsa-miR-3929
472,hsa-mir-3934,hsa-miR-3934-3p
473,hsa-mir-3935,hsa-miR-3935
474,hsa-mir-3936,hsa-miR-3936
475,hsa-mir-3937,hsa-miR-3937
476,hsa-mir-3938,hsa-miR-3938
477,hsa-mir-3939,hsa-miR-3939
478,hsa-mir-3940,hsa-miR-3940-5p
479,hsa-mir-3941,hsa-miR-3941
480,hsa-mir-3942,hsa-miR-3942-5p
481,hsa-mir-3943,hsa-miR-3943
482,hsa-mir-3944,hsa-miR-3944-3p
483,hsa-mir-3945,hsa-miR-3945
484,hsa-mir-3960,hsa-miR-3960
485,hsa-mir-409,hsa-miR-409-5p
486,hsa-mir-410,hsa-miR-410-5p
487,hsa-mir-411,hsa-miR-411-5p
488,hsa-mir-412,hsa-miR-412-3p
489,hsa-mir-421,hsa-miR-421
490,hsa-mir-422a,hsa-miR-422a
491,hsa-mir-423,hsa-miR-423-3p
492,hsa-mir-424,hsa-miR-424-5p
493,hsa-mir-425,hsa-miR-425-5p
494,hsa-mir-4254,hsa-miR-4254
495,hsa-mir-4258,hsa-miR-4258
496,hsa-mir-4263,hsa-miR-4263
497,hsa-mir-4279,hsa-miR-4279
498,hsa-mir-4284,hsa-miR-4284
499,hsa-mir-4286,hsa-miR-4286
500,hsa-mir-4289,hsa-miR-4289
501,hsa-mir-429,hsa-miR-429
502,hsa-mir-4292,hsa-miR-4292
503,hsa-mir-4295,hsa-miR-4295
504,hsa-mir-4296,hsa-miR-4296
505,hsa-mir-4306,hsa-miR-4306
506,hsa-mir-431,hsa-miR-431-5p
507,hsa-mir-4310,hsa-miR-4310
508,hsa-mir-432,hsa-miR-432-3p
509,hsa-mir-4320,hsa-miR-4320
510,hsa-mir-4321,hsa-miR-4321
511,hsa-mir-4322,hsa-miR-4322
512,hsa-mir-4326,hsa-miR-4326
513,hsa-mir-433,hsa-miR-433-3p
514,hsa-mir-4417,hsa-miR-4417
515,hsa-mir-4418,hsa-miR-4418
516,hsa-mir-4419b,hsa-miR-4419b
517,hsa-mir-4420,hsa-miR-4420
518,hsa-mir-4421,hsa-miR-4421
519,hsa-mir-4422,hsa-miR-4422
520,hsa-mir-4423,hsa-miR-4423-3p
521,hsa-mir-4424,hsa-miR-4424
522,hsa-mir-4425,hsa-miR-4425
523,hsa-mir-4426,hsa-miR-4426
524,hsa-mir-4427,hsa-miR-4427
525,hsa-mir-4428,hsa-miR-4428
526,hsa-mir-4429,hsa-miR-4429
527,hsa-mir-4430,hsa-miR-4430
528,hsa-mir-4431,hsa-miR-4431
529,hsa-mir-4432,hsa-miR-4432
530,hsa-mir-4433a,hsa-miR-4433a-3p
531,hsa-mir-4433b,hsa-miR-4433b-3p
532,hsa-mir-4434,hsa-miR-4434
533,hsa-mir-4436a,hsa-miR-4436a
534,hsa-mir-4437,hsa-miR-4437
535,hsa-mir-4438,hsa-miR-4438
536,hsa-mir-4439,hsa-miR-4439
537,hsa-mir-4442,hsa-miR-4442
538,hsa-mir-4443,hsa-miR-4443
539,hsa-mir-4445,hsa-miR-4445-3p
540,hsa-mir-4446,hsa-miR-4446-3p
541,hsa-mir-4448,hsa-miR-4448
542,hsa-mir-4449,hsa-miR-4449
543,hsa-mir-4450,hsa-miR-4450
544,hsa-mir-4451,hsa-miR-4451
545,hsa-mir-4452,hsa-miR-4452
546,hsa-mir-4453,hsa-miR-4453
547,hsa-mir-4454,hsa-miR-4454
548,hsa-mir-4457,hsa-miR-4457
549,hsa-mir-4458,hsa-miR-4458
550,hsa-mir-4459,hsa-miR-4459
551,hsa-mir-4460,hsa-miR-4460
552,hsa-mir-4461,hsa-miR-4461
553,hsa-mir-4464,hsa-miR-4464
554,hsa-mir-4465,hsa-miR-4465
555,hsa-mir-4466,hsa-miR-4466
556,hsa-mir-4467,hsa-miR-4467
557,hsa-mir-4468,hsa-miR-4468
558,hsa-mir-4469,hsa-miR-4469
559,hsa-mir-4470,hsa-miR-4470
560,hsa-mir-4471,hsa-miR-4471
561,hsa-mir-4473,hsa-miR-4473
562,hsa-mir-4474,hsa-miR-4474-3p
563,hsa-mir-4476,hsa-miR-4476
564,hsa-mir-4478,hsa-miR-4478
565,hsa-mir-4479,hsa-miR-4479
566,hsa-mir-448,hsa-miR-448
567,hsa-mir-4480,hsa-miR-4480
568,hsa-mir-4482,hsa-miR-4482-5p
569,hsa-mir-4484,hsa-miR-4484
570,hsa-mir-4485,hsa-miR-4485-3p
571,hsa-mir-4487,hsa-miR-4487
572,hsa-mir-4488,hsa-miR-4488
573,hsa-mir-4489,hsa-miR-4489
574,hsa-mir-4490,hsa-miR-4490
575,hsa-mir-4491,hsa-miR-4491
576,hsa-mir-4492,hsa-miR-4492
577,hsa-mir-4493,hsa-miR-4493
578,hsa-mir-4494,hsa-miR-4494
579,hsa-mir-4496,hsa-miR-4496
580,hsa-mir-4497,hsa-miR-4497
581,hsa-mir-4498,hsa-miR-4498
582,hsa-mir-449a,hsa-miR-449a
583,hsa-mir-449b,hsa-miR-449b-5p
584,hsa-mir-449c,hsa-miR-449c-3p
585,hsa-mir-4501,hsa-miR-4501
586,hsa-mir-4502,hsa-miR-4502
587,hsa-mir-4503,hsa-miR-4503
588,hsa-mir-4504,hsa-miR-4504
589,hsa-mir-4505,hsa-miR-4505
590,hsa-mir-4506,hsa-miR-4506
591,hsa-mir-4507,hsa-miR-4507
592,hsa-mir-450a-2,hsa-miR-450a-2-3p
593,hsa-mir-450b,hsa-miR-450b-3p
594,hsa-mir-4510,hsa-miR-4510
595,hsa-mir-4511,hsa-miR-4511
596,hsa-mir-4512,hsa-miR-4512
597,hsa-mir-4513,hsa-miR-4513
598,hsa-mir-4515,hsa-miR-4515
599,hsa-mir-4516,hsa-miR-4516
600,hsa-mir-4517,hsa-miR-4517
601,hsa-mir-4518,hsa-miR-4518
602,hsa-mir-4519,hsa-miR-4519
603,hsa-mir-451a,hsa-miR-451a
604,hsa-mir-451b,hsa-miR-451b
605,hsa-mir-452,hsa-miR-452-5p
606,hsa-mir-4520-2,hsa-miR-4520-2-3p
607,hsa-mir-4521,hsa-miR-4521
608,hsa-mir-4522,hsa-miR-4522
609,hsa-mir-4523,hsa-miR-4523
610,hsa-mir-4524a,hsa-miR-4524a-3p
611,hsa-mir-4525,hsa-miR-4525
612,hsa-mir-4526,hsa-miR-4526
613,hsa-mir-4527,hsa-miR-4527
614,hsa-mir-4528,hsa-miR-4528
615,hsa-mir-4529,hsa-miR-4529-5p
616,hsa-mir-4530,hsa-miR-4530
617,hsa-mir-4532,hsa-miR-4532
618,hsa-mir-4533,hsa-miR-4533
619,hsa-mir-4534,hsa-miR-4534
620,hsa-mir-4537,hsa-miR-4537
621,hsa-mir-4538,hsa-miR-4538
622,hsa-mir-4539,hsa-miR-4539
623,hsa-mir-454,hsa-miR-454-3p
624,hsa-mir-455,hsa-miR-455-5p
625,hsa-mir-4632,hsa-miR-4632-3p
626,hsa-mir-4633,hsa-miR-4633-3p
627,hsa-mir-4634,hsa-miR-4634
628,hsa-mir-4635,hsa-miR-4635
629,hsa-mir-4636,hsa-miR-4636
630,hsa-mir-4637,hsa-miR-4637
631,hsa-mir-4638,hsa-miR-4638-3p
632,hsa-mir-4639,hsa-miR-4639-5p
633,hsa-mir-4640,hsa-miR-4640-5p
634,hsa-mir-4641,hsa-miR-4641
635,hsa-mir-4642,hsa-miR-4642
636,hsa-mir-4643,hsa-miR-4643
637,hsa-mir-4644,hsa-miR-4644
638,hsa-mir-4645,hsa-miR-4645-3p
639,hsa-mir-4646,hsa-miR-4646-3p
640,hsa-mir-4647,hsa-miR-4647
641,hsa-mir-4648,hsa-miR-4648
642,hsa-mir-4649,hsa-miR-4649-3p
643,hsa-mir-4651,hsa-miR-4651
644,hsa-mir-4652,hsa-miR-4652-5p
645,hsa-mir-4653,hsa-miR-4653-5p
646,hsa-mir-4654,hsa-miR-4654
647,hsa-mir-4655,hsa-miR-4655-5p
648,hsa-mir-4656,hsa-miR-4656
649,hsa-mir-4657,hsa-miR-4657
650,hsa-mir-4658,hsa-miR-4658
651,hsa-mir-4659a,hsa-miR-4659a-3p
652,hsa-mir-4659b,hsa-miR-4659b-5p
653,hsa-mir-466,hsa-miR-466
654,hsa-mir-4660,hsa-miR-4660
655,hsa-mir-4661,hsa-miR-4661-3p
656,hsa-mir-4662a,hsa-miR-4662a-5p
657,hsa-mir-4662b,hsa-miR-4662b
658,hsa-mir-4663,hsa-miR-4663
659,hsa-mir-4664,hsa-miR-4664-3p
660,hsa-mir-4665,hsa-miR-4665-3p
661,hsa-mir-4666a,hsa-miR-4666a-3p
662,hsa-mir-4666b,hsa-miR-4666b
663,hsa-mir-4667,hsa-miR-4667-5p
664,hsa-mir-4668,hsa-miR-4668-5p
665,hsa-mir-4669,hsa-miR-4669
666,hsa-mir-4670,hsa-miR-4670-3p
667,hsa-mir-4671,hsa-miR-4671-3p
668,hsa-mir-4672,hsa-miR-4672
669,hsa-mir-4673,hsa-miR-4673
670,hsa-mir-4674,hsa-miR-4674
671,hsa-mir-4675,hsa-miR-4675
672,hsa-mir-4676,hsa-miR-4676-5p
673,hsa-mir-4677,hsa-miR-4677-3p
674,hsa-mir-4678,hsa-miR-4678
675,hsa-mir-4680,hsa-miR-4680-3p
676,hsa-mir-4681,hsa-miR-4681
677,hsa-mir-4682,hsa-miR-4682
678,hsa-mir-4683,hsa-miR-4683
679,hsa-mir-4684,hsa-miR-4684-3p
680,hsa-mir-4685,hsa-miR-4685-5p
681,hsa-mir-4686,hsa-miR-4686
682,hsa-mir-4687,hsa-miR-4687-5p
683,hsa-mir-4688,hsa-miR-4688
684,hsa-mir-4689,hsa-miR-4689
685,hsa-mir-4690,hsa-miR-4690-5p
686,hsa-mir-4691,hsa-miR-4691-3p
687,hsa-mir-4692,hsa-miR-4692
688,hsa-mir-4693,hsa-miR-4693-3p
689,hsa-mir-4694,hsa-miR-4694-5p
690,hsa-mir-4695,hsa-miR-4695-3p
691,hsa-mir-4696,hsa-miR-4696
692,hsa-mir-4697,hsa-miR-4697-5p
693,hsa-mir-4698,hsa-miR-4698
694,hsa-mir-4699,hsa-miR-4699-5p
695,hsa-mir-4700,hsa-miR-4700-3p
696,hsa-mir-4701,hsa-miR-4701-3p
697,hsa-mir-4703,hsa-miR-4703-3p
698,hsa-mir-4704,hsa-miR-4704-3p
699,hsa-mir-4705,hsa-miR-4705
700,hsa-mir-4706,hsa-miR-4706
701,hsa-mir-4707,hsa-miR-4707-3p
702,hsa-mir-4708,hsa-miR-4708-5p
703,hsa-mir-4709,hsa-miR-4709-3p
704,hsa-mir-4710,hsa-miR-4710
705,hsa-mir-4711,hsa-miR-4711-3p
706,hsa-mir-4712,hsa-miR-4712-5p
707,hsa-mir-4713,hsa-miR-4713-3p
708,hsa-mir-4714,hsa-miR-4714-5p
709,hsa-mir-4715,hsa-miR-4715-5p
710,hsa-mir-4716,hsa-miR-4716-3p
711,hsa-mir-4717,hsa-miR-4717-5p
712,hsa-mir-4718,hsa-miR-4718
713,hsa-mir-4719,hsa-miR-4719
714,hsa-mir-4720,hsa-miR-4720-3p
715,hsa-mir-4721,hsa-miR-4721
716,hsa-mir-4722,hsa-miR-4722-3p
717,hsa-mir-4723,hsa-miR-4723-3p
718,hsa-mir-4724,hsa-miR-4724-3p
719,hsa-mir-4725,hsa-miR-4725-5p
720,hsa-mir-4726,hsa-miR-4726-3p
721,hsa-mir-4727,hsa-miR-4727-3p
722,hsa-mir-4728,hsa-miR-4728-5p
723,hsa-mir-4729,hsa-miR-4729
724,hsa-mir-4730,hsa-miR-4730
725,hsa-mir-4731,hsa-miR-4731-5p
726,hsa-mir-4732,hsa-miR-4732-5p
727,hsa-mir-4733,hsa-miR-4733-5p
728,hsa-mir-4734,hsa-miR-4734
729,hsa-mir-4735,hsa-miR-4735-3p
730,hsa-mir-4736,hsa-miR-4736
731,hsa-mir-4737,hsa-miR-4737
732,hsa-mir-4738,hsa-miR-4738-3p
733,hsa-mir-4739,hsa-miR-4739
734,hsa-mir-4740,hsa-miR-4740-5p
735,hsa-mir-4741,hsa-miR-4741
736,hsa-mir-4742,hsa-miR-4742-5p
737,hsa-mir-4743,hsa-miR-4743-5p
738,hsa-mir-4744,hsa-miR-4744
739,hsa-mir-4745,hsa-miR-4745-5p
740,hsa-mir-4746,hsa-miR-4746-5p
741,hsa-mir-4747,hsa-miR-4747-5p
742,hsa-mir-4748,hsa-miR-4748
743,hsa-mir-4749,hsa-miR-4749-3p
744,hsa-mir-4750,hsa-miR-4750-5p
745,hsa-mir-4751,hsa-miR-4751
746,hsa-mir-4752,hsa-miR-4752
747,hsa-mir-4753,hsa-miR-4753-5p
748,hsa-mir-4754,hsa-miR-4754
749,hsa-mir-4755,hsa-miR-4755-3p
750,hsa-mir-4756,hsa-miR-4756-5p
751,hsa-mir-4757,hsa-miR-4757-5p
752,hsa-mir-4758,hsa-miR-4758-5p
753,hsa-mir-4759,hsa-miR-4759
754,hsa-mir-4760,hsa-miR-4760-3p
755,hsa-mir-4761,hsa-miR-4761-5p
756,hsa-mir-4762,hsa-miR-4762-5p
757,hsa-mir-4763,hsa-miR-4763-5p
758,hsa-mir-4764,hsa-miR-4764-5p
759,hsa-mir-4765,hsa-miR-4765
760,hsa-mir-4766,hsa-miR-4766-3p
761,hsa-mir-4767,hsa-miR-4767
762,hsa-mir-4768,hsa-miR-4768-3p
763,hsa-mir-4769,hsa-miR-4769-5p
764,hsa-mir-4770,hsa-miR-4770
765,hsa-mir-4772,hsa-miR-4772-5p
766,hsa-mir-4774,hsa-miR-4774-3p
767,hsa-mir-4775,hsa-miR-4775
768,hsa-mir-4777,hsa-miR-4777-3p
769,hsa-mir-4778,hsa-miR-4778-5p
770,hsa-mir-4779,hsa-miR-4779
771,hsa-mir-4780,hsa-miR-4780
772,hsa-mir-4781,hsa-miR-4781-5p
773,hsa-mir-4782,hsa-miR-4782-3p
774,hsa-mir-4783,hsa-miR-4783-3p
775,hsa-mir-4784,hsa-miR-4784
776,hsa-mir-4785,hsa-miR-4785
777,hsa-mir-4786,hsa-miR-4786-3p
778,hsa-mir-4787,hsa-miR-4787-5p
779,hsa-mir-4788,hsa-miR-4788
780,hsa-mir-4789,hsa-miR-4789-3p
781,hsa-mir-4790,hsa-miR-4790-5p
782,hsa-mir-4791,hsa-miR-4791
783,hsa-mir-4792,hsa-miR-4792
784,hsa-mir-4793,hsa-miR-4793-3p
785,hsa-mir-4794,hsa-miR-4794
786,hsa-mir-4795,hsa-miR-4795-3p
787,hsa-mir-4796,hsa-miR-4796-5p
788,hsa-mir-4797,hsa-miR-4797-5p
789,hsa-mir-4798,hsa-miR-4798-3p
790,hsa-mir-4799,hsa-miR-4799-5p
791,hsa-mir-4800,hsa-miR-4800-5p
792,hsa-mir-4802,hsa-miR-4802-5p
793,hsa-mir-4803,hsa-miR-4803
794,hsa-mir-4804,hsa-miR-4804-3p
795,hsa-mir-483,hsa-miR-483-5p
796,hsa-mir-484,hsa-miR-484
797,hsa-mir-485,hsa-miR-485-5p
798,hsa-mir-487a,hsa-miR-487a-5p
799,hsa-mir-487b,hsa-miR-487b-3p
800,hsa-mir-488,hsa-miR-488-3p
801,hsa-mir-489,hsa-miR-489-5p
802,hsa-mir-490,hsa-miR-490-5p
803,hsa-mir-491,hsa-miR-491-3p
804,hsa-mir-492,hsa-miR-492
805,hsa-mir-493,hsa-miR-493-5p
806,hsa-mir-494,hsa-miR-494-3p
807,hsa-mir-495,hsa-miR-495-5p
808,hsa-mir-496,hsa-miR-496
809,hsa-mir-497,hsa-miR-497-5p
810,hsa-mir-498,hsa-miR-498
811,hsa-mir-4999,hsa-miR-4999-5p
812,hsa-mir-499a,hsa-miR-499a-5p
813,hsa-mir-499b,hsa-miR-499b-3p
814,hsa-mir-5000,hsa-miR-5000-5p
815,hsa-mir-5001,hsa-miR-5001-3p
816,hsa-mir-5002,hsa-miR-5002-3p
817,hsa-mir-5003,hsa-miR-5003-5p
818,hsa-mir-5004,hsa-miR-5004-3p
819,hsa-mir-5006,hsa-miR-5006-5p
820,hsa-mir-5007,hsa-miR-5007-3p
821,hsa-mir-5008,hsa-miR-5008-5p
822,hsa-mir-5009,hsa-miR-5009-3p
823,hsa-mir-500a,hsa-miR-500a-3p
824,hsa-mir-500b,hsa-miR-500b-3p
825,hsa-mir-501,hsa-miR-501-5p
826,hsa-mir-5010,hsa-miR-5010-3p
827,hsa-mir-5011,hsa-miR-5011-5p
828,hsa-mir-502,hsa-miR-502-3p
829,hsa-mir-503,hsa-miR-503-5p
830,hsa-mir-504,hsa-miR-504-5p
831,hsa-mir-5047,hsa-miR-5047
832,hsa-mir-505,hsa-miR-505-3p
833,hsa-mir-506,hsa-miR-506-5p
834,hsa-mir-507,hsa-miR-507
835,hsa-mir-508,hsa-miR-508-3p
836,hsa-mir-5087,hsa-miR-5087
837,hsa-mir-5088,hsa-miR-5088-5p
838,hsa-mir-5089,hsa-miR-5089-3p
839,hsa-mir-509-3,hsa-miR-509-3-5p
840,hsa-mir-5090,hsa-miR-5090
841,hsa-mir-5091,hsa-miR-5091
842,hsa-mir-5092,hsa-miR-5092
843,hsa-mir-5093,hsa-miR-5093
844,hsa-mir-5094,hsa-miR-5094
845,hsa-mir-5095,hsa-miR-5095
846,hsa-mir-510,hsa-miR-510-3p
847,hsa-mir-5100,hsa-miR-5100
848,hsa-mir-511,hsa-miR-511-3p
849,hsa-mir-513b,hsa-miR-513b-5p
850,hsa-mir-513c,hsa-miR-513c-3p
851,hsa-mir-514b,hsa-miR-514b-5p
852,hsa-mir-517a,hsa-miR-517a-3p
853,hsa-mir-517b,hsa-miR-517b-3p
854,hsa-mir-517c,hsa-miR-517c-3p
855,hsa-mir-5187,hsa-miR-5187-3p
856,hsa-mir-5188,hsa-miR-5188
857,hsa-mir-5189,hsa-miR-5189-5p
858,hsa-mir-518b,hsa-miR-518b
859,hsa-mir-518c,hsa-miR-518c-3p
860,hsa-mir-518d,hsa-miR-518d-5p
861,hsa-mir-518e,hsa-miR-518e-3p
862,hsa-mir-518f,hsa-miR-518f-3p
863,hsa-mir-5190,hsa-miR-5190
864,hsa-mir-5191,hsa-miR-5191
865,hsa-mir-5192,hsa-miR-5192
866,hsa-mir-5193,hsa-miR-5193
867,hsa-mir-5194,hsa-miR-5194
868,hsa-mir-5195,hsa-miR-5195-3p
869,hsa-mir-5196,hsa-miR-5196-3p
870,hsa-mir-519b,hsa-miR-519b-5p
871,hsa-mir-519c,hsa-miR-519c-3p
872,hsa-mir-519d,hsa-miR-519d-3p
873,hsa-mir-519e,hsa-miR-519e-3p
874,hsa-mir-520a,hsa-miR-520a-3p
875,hsa-mir-520b,hsa-miR-520b
876,hsa-mir-520c,hsa-miR-520c-5p
877,hsa-mir-520d,hsa-miR-520d-5p
878,hsa-mir-520e,hsa-miR-520e
879,hsa-mir-520f,hsa-miR-520f-5p
880,hsa-mir-520g,hsa-miR-520g-5p
881,hsa-mir-520h,hsa-miR-520h
882,hsa-mir-522,hsa-miR-522-5p
883,hsa-mir-523,hsa-miR-523-3p
884,hsa-mir-524,hsa-miR-524-5p
885,hsa-mir-525,hsa-miR-525-3p
886,hsa-mir-526b,hsa-miR-526b-3p
887,hsa-mir-527,hsa-miR-527
888,hsa-mir-532,hsa-miR-532-5p
889,hsa-mir-539,hsa-miR-539-3p
890,hsa-mir-541,hsa-miR-541-3p
891,hsa-mir-542,hsa-miR-542-5p
892,hsa-mir-543,hsa-miR-543
893,hsa-mir-544a,hsa-miR-544a
894,hsa-mir-544b,hsa-miR-544b
895,hsa-mir-545,hsa-miR-545-3p
896,hsa-mir-548ab,hsa-miR-548ab
897,hsa-mir-548ac,hsa-miR-548ac
898,hsa-mir-548ad,hsa-miR-548ad-3p
899,hsa-mir-548ah,hsa-miR-548ah-5p
900,hsa-mir-548ai,hsa-miR-548ai
901,hsa-mir-548ak,hsa-miR-548ak
902,hsa-mir-548al,hsa-miR-548al
903,hsa-mir-548am,hsa-miR-548am-5p
904,hsa-mir-548an,hsa-miR-548an
905,hsa-mir-548ao,hsa-miR-548ao-3p
906,hsa-mir-548ap,hsa-miR-548ap-5p
907,hsa-mir-548aq,hsa-miR-548aq-3p
908,hsa-mir-548ar,hsa-miR-548ar-3p
909,hsa-mir-548as,hsa-miR-548as-3p
910,hsa-mir-548at,hsa-miR-548at-3p
911,hsa-mir-548au,hsa-miR-548au-3p
912,hsa-mir-548av,hsa-miR-548av-3p
913,hsa-mir-548aw,hsa-miR-548aw
914,hsa-mir-548ax,hsa-miR-548ax
915,hsa-mir-548ay,hsa-miR-548ay-5p
916,hsa-mir-548az,hsa-miR-548az-5p
917,hsa-mir-548b,hsa-miR-548b-5p
918,hsa-mir-548ba,hsa-miR-548ba
919,hsa-mir-548bb,hsa-miR-548bb-3p
920,hsa-mir-548e,hsa-miR-548e-5p
921,hsa-mir-548j,hsa-miR-548j-5p
922,hsa-mir-548k,hsa-miR-548k
923,hsa-mir-548l,hsa-miR-548l
924,hsa-mir-548n,hsa-miR-548n
925,hsa-mir-548o,0
926,hsa-mir-548p,hsa-miR-548p
927,hsa-mir-548q,hsa-miR-548q
928,hsa-mir-548s,hsa-miR-548s
929,hsa-mir-548t,hsa-miR-548t-5p
930,hsa-mir-548u,hsa-miR-548u
931,hsa-mir-548v,hsa-miR-548v
932,hsa-mir-548w,hsa-miR-548w
933,hsa-mir-548x,0
934,hsa-mir-548y,hsa-miR-548y
935,hsa-mir-549a,hsa-miR-549a
936,hsa-mir-550a-3,hsa-miR-550a-3-5p
937,hsa-mir-550b-2,hsa-miR-550b-2-5p
938,hsa-mir-551a,hsa-miR-551a
939,hsa-mir-551b,hsa-miR-551b-5p
940,hsa-mir-552,hsa-miR-552-5p
941,hsa-mir-554,hsa-miR-554
942,hsa-mir-555,hsa-miR-555
943,hsa-mir-556,hsa-miR-556-5p
944,hsa-mir-5571,hsa-miR-5571-3p
945,hsa-mir-5572,hsa-miR-5572
946,hsa-mir-5579,hsa-miR-5579-5p
947,hsa-mir-558,hsa-miR-558
948,hsa-mir-5580,hsa-miR-5580-3p
949,hsa-mir-5581,hsa-miR-5581-3p
950,hsa-mir-5582,hsa-miR-5582-3p
951,hsa-mir-5584,hsa-miR-5584-5p
952,hsa-mir-5585,hsa-miR-5585-5p
953,hsa-mir-5586,hsa-miR-5586-5p
954,hsa-mir-5587,hsa-miR-5587-3p
955,hsa-mir-5588,hsa-miR-5588-5p
956,hsa-mir-5589,hsa-miR-5589-3p
957,hsa-mir-559,hsa-miR-559
958,hsa-mir-5590,hsa-miR-5590-3p
959,hsa-mir-561,hsa-miR-561-3p
960,hsa-mir-564,hsa-miR-564
961,hsa-mir-567,hsa-miR-567
962,hsa-mir-568,hsa-miR-568
963,hsa-mir-5680,hsa-miR-5680
964,hsa-mir-5681a,hsa-miR-5681a
965,hsa-mir-5681b,hsa-miR-5681b
966,hsa-mir-5682,hsa-miR-5682
967,hsa-mir-5683,hsa-miR-5683
968,hsa-mir-5684,hsa-miR-5684
969,hsa-mir-5685,hsa-miR-5685
970,hsa-mir-5687,hsa-miR-5687
971,hsa-mir-5688,hsa-miR-5688
972,hsa-mir-5689,hsa-miR-5689
973,hsa-mir-5690,hsa-miR-5690
974,hsa-mir-5691,hsa-miR-5691
975,hsa-mir-5693,hsa-miR-5693
976,hsa-mir-5694,hsa-miR-5694
977,hsa-mir-5695,hsa-miR-5695
978,hsa-mir-5696,hsa-miR-5696
979,hsa-mir-5697,hsa-miR-5697
980,hsa-mir-5698,hsa-miR-5698
981,hsa-mir-5699,hsa-miR-5699-3p
982,hsa-mir-570,hsa-miR-570-3p
983,hsa-mir-5700,hsa-miR-5700
984,hsa-mir-5702,hsa-miR-5702
985,hsa-mir-5703,hsa-miR-5703
986,hsa-mir-5704,hsa-miR-5704
987,hsa-mir-5705,hsa-miR-5705
988,hsa-mir-5706,hsa-miR-5706
989,hsa-mir-5707,hsa-miR-5707
990,hsa-mir-5708,hsa-miR-5708
991,hsa-mir-571,hsa-miR-571
992,hsa-mir-572,hsa-miR-572
993,hsa-mir-573,hsa-miR-573
994,hsa-mir-574,hsa-miR-574-5p
995,hsa-mir-575,hsa-miR-575
996,hsa-mir-576,hsa-miR-576-5p
997,hsa-mir-577,hsa-miR-577
998,hsa-mir-578,hsa-miR-578
999,hsa-mir-579,hsa-miR-579-5p
1000,hsa-mir-580,hsa-miR-580-5p
1001,hsa-mir-581,hsa-miR-581
1002,hsa-mir-582,hsa-miR-582-5p
1003,hsa-mir-584,hsa-miR-584-5p
1004,hsa-mir-585,hsa-miR-585-3p
1005,hsa-mir-586,hsa-miR-586
1006,hsa-mir-587,hsa-miR-587
1007,hsa-mir-588,hsa-miR-588
1008,hsa-mir-589,hsa-miR-589-5p
1009,hsa-mir-590,hsa-miR-590-5p
1010,hsa-mir-591,hsa-miR-591
1011,hsa-mir-592,hsa-miR-592
1012,hsa-mir-593,hsa-miR-593-3p
1013,hsa-mir-596,hsa-miR-596
1014,hsa-mir-597,hsa-miR-597-5p
1015,hsa-mir-598,hsa-miR-598-5p
1016,hsa-mir-599,hsa-miR-599
1017,hsa-mir-600,hsa-miR-600
1018,hsa-mir-601,hsa-miR-601
1019,hsa-mir-602,hsa-miR-602
1020,hsa-mir-603,hsa-miR-603
1021,hsa-mir-604,hsa-miR-604
1022,hsa-mir-605,hsa-miR-605-5p
1023,hsa-mir-606,hsa-miR-606
1024,hsa-mir-607,hsa-miR-607
1025,hsa-mir-6073,hsa-miR-6073
1026,hsa-mir-6076,hsa-miR-6076
1027,hsa-mir-6077,hsa-miR-6077
1028,hsa-mir-6080,hsa-miR-6080
1029,hsa-mir-6081,hsa-miR-6081
1030,hsa-mir-6084,hsa-miR-6084
1031,hsa-mir-6087,hsa-miR-6087
1032,hsa-mir-6088,hsa-miR-6088
1033,hsa-mir-609,hsa-miR-609
1034,hsa-mir-610,hsa-miR-610
1035,hsa-mir-611,hsa-miR-611
1036,hsa-mir-612,hsa-miR-612
1037,hsa-mir-6125,hsa-miR-6125
1038,hsa-mir-6129,hsa-miR-6129
1039,hsa-mir-613,hsa-miR-613
1040,hsa-mir-6130,hsa-miR-6130
1041,hsa-mir-6132,hsa-miR-6132
1042,hsa-mir-614,hsa-miR-614
1043,hsa-mir-615,hsa-miR-615-3p
1044,hsa-mir-616,hsa-miR-616-5p
1045,hsa-mir-6165,hsa-miR-6165
1046,hsa-mir-617,hsa-miR-617
1047,hsa-mir-618,hsa-miR-618
1048,hsa-mir-621,hsa-miR-621
1049,hsa-mir-622,hsa-miR-622
1050,hsa-mir-623,hsa-miR-623
1051,hsa-mir-624,hsa-miR-624-3p
1052,hsa-mir-625,hsa-miR-625-5p
1053,hsa-mir-627,hsa-miR-627-3p
1054,hsa-mir-628,hsa-miR-628-3p
1055,hsa-mir-629,hsa-miR-629-5p
1056,hsa-mir-630,hsa-miR-630
1057,hsa-mir-631,hsa-miR-631
1058,hsa-mir-632,hsa-miR-632
1059,hsa-mir-635,hsa-miR-635
1060,hsa-mir-636,hsa-miR-636
1061,hsa-mir-637,hsa-miR-637
1062,hsa-mir-638,hsa-miR-638
1063,hsa-mir-639,hsa-miR-639
1064,hsa-mir-640,hsa-miR-640
1065,hsa-mir-641,hsa-miR-641
1066,hsa-mir-642a,hsa-miR-642a-3p
1067,hsa-mir-642b,hsa-miR-642b-5p
1068,hsa-mir-643,hsa-miR-643
1069,hsa-mir-644a,hsa-miR-644a
1070,hsa-mir-645,hsa-miR-645
1071,hsa-mir-647,hsa-miR-647
1072,hsa-mir-6499,hsa-miR-6499-5p
1073,hsa-mir-650,hsa-miR-650
1074,hsa-mir-6500,hsa-miR-6500-3p
1075,hsa-mir-6501,hsa-miR-6501-5p
1076,hsa-mir-6502,hsa-miR-6502-5p
1077,hsa-mir-6503,hsa-miR-6503-3p
1078,hsa-mir-6504,hsa-miR-6504-5p
1079,hsa-mir-6505,hsa-miR-6505-3p
1080,hsa-mir-6506,hsa-miR-6506-3p
1081,hsa-mir-6507,hsa-miR-6507-5p
1082,hsa-mir-6508,hsa-miR-6508-5p
1083,hsa-mir-6509,hsa-miR-6509-5p
1084,hsa-mir-651,hsa-miR-651-3p
1085,hsa-mir-6510,hsa-miR-6510-3p
1086,hsa-mir-6512,hsa-miR-6512-3p
1087,hsa-mir-6513,hsa-miR-6513-3p
1088,hsa-mir-6514,hsa-miR-6514-3p
1089,hsa-mir-6515,hsa-miR-6515-5p
1090,hsa-mir-6516,hsa-miR-6516-5p
1091,hsa-mir-652,hsa-miR-652-5p
1092,hsa-mir-653,hsa-miR-653-5p
1093,hsa-mir-654,hsa-miR-654-5p
1094,hsa-mir-655,hsa-miR-655-5p
1095,hsa-mir-656,hsa-miR-656-5p
1096,hsa-mir-657,hsa-miR-657
1097,hsa-mir-658,hsa-miR-658
1098,hsa-mir-659,hsa-miR-659-3p
1099,hsa-mir-660,hsa-miR-660-5p
1100,hsa-mir-661,hsa-miR-661
1101,hsa-mir-662,hsa-miR-662
1102,hsa-mir-663a,hsa-miR-663a
1103,hsa-mir-663b,hsa-miR-663b
1104,hsa-mir-664a,hsa-miR-664a-5p
1105,hsa-mir-664b,hsa-miR-664b-3p
1106,hsa-mir-665,hsa-miR-665
1107,hsa-mir-668,hsa-miR-668-3p
1108,hsa-mir-670,hsa-miR-670-3p
1109,hsa-mir-671,hsa-miR-671-5p
1110,hsa-mir-6715a,hsa-miR-6715a-3p
1111,hsa-mir-6715b,hsa-miR-6715b-3p
1112,hsa-mir-6716,hsa-miR-6716-5p
1113,hsa-mir-6717,hsa-miR-6717-5p
1114,hsa-mir-6718,hsa-miR-6718-5p
1115,hsa-mir-6719,hsa-miR-6719-3p
1116,hsa-mir-6720,hsa-miR-6720-5p
1117,hsa-mir-6721,hsa-miR-6721-5p
1118,hsa-mir-6722,hsa-miR-6722-3p
1119,hsa-mir-6723,hsa-miR-6723-5p
1120,hsa-mir-6726,hsa-miR-6726-5p
1121,hsa-mir-6727,hsa-miR-6727-5p
1122,hsa-mir-6728,hsa-miR-6728-3p
1123,hsa-mir-6729,hsa-miR-6729-3p
1124,hsa-mir-6730,hsa-miR-6730-5p
1125,hsa-mir-6731,hsa-miR-6731-3p
1126,hsa-mir-6732,hsa-miR-6732-5p
1127,hsa-mir-6733,hsa-miR-6733-3p
1128,hsa-mir-6734,hsa-miR-6734-5p
1129,hsa-mir-6735,hsa-miR-6735-5p
1130,hsa-mir-6736,hsa-miR-6736-3p
1131,hsa-mir-6737,hsa-miR-6737-3p
1132,hsa-mir-6738,hsa-miR-6738-5p
1133,hsa-mir-6739,hsa-miR-6739-3p
1134,hsa-mir-6740,hsa-miR-6740-5p
1135,hsa-mir-6741,hsa-miR-6741-3p
1136,hsa-mir-6742,hsa-miR-6742-5p
1137,hsa-mir-6743,hsa-miR-6743-3p
1138,hsa-mir-6744,hsa-miR-6744-3p
1139,hsa-mir-6745,hsa-miR-6745
1140,hsa-mir-6746,hsa-miR-6746-3p
1141,hsa-mir-6747,hsa-miR-6747-3p
1142,hsa-mir-6748,hsa-miR-6748-3p
1143,hsa-mir-6749,hsa-miR-6749-3p
1144,hsa-mir-675,hsa-miR-675-3p
1145,hsa-mir-6750,hsa-miR-6750-3p
1146,hsa-mir-6751,hsa-miR-6751-3p
1147,hsa-mir-6752,hsa-miR-6752-5p
1148,hsa-mir-6753,hsa-miR-6753-3p
1149,hsa-mir-6754,hsa-miR-6754-5p
1150,hsa-mir-6755,hsa-miR-6755-5p
1151,hsa-mir-6756,hsa-miR-6756-3p
1152,hsa-mir-6757,hsa-miR-6757-3p
1153,hsa-mir-6758,hsa-miR-6758-5p
1154,hsa-mir-6759,hsa-miR-6759-3p
1155,hsa-mir-676,hsa-miR-676-5p
1156,hsa-mir-6760,hsa-miR-6760-3p
1157,hsa-mir-6761,hsa-miR-6761-5p
1158,hsa-mir-6762,hsa-miR-6762-5p
1159,hsa-mir-6763,hsa-miR-6763-3p
1160,hsa-mir-6764,hsa-miR-6764-5p
1161,hsa-mir-6765,hsa-miR-6765-5p
1162,hsa-mir-6766,hsa-miR-6766-3p
1163,hsa-mir-6767,hsa-miR-6767-3p
1164,hsa-mir-6768,hsa-miR-6768-5p
1165,hsa-mir-6769a,hsa-miR-6769a-5p
1166,hsa-mir-6769b,hsa-miR-6769b-5p
1167,hsa-mir-6771,hsa-miR-6771-3p
1168,hsa-mir-6772,hsa-miR-6772-5p
1169,hsa-mir-6773,hsa-miR-6773-5p
1170,hsa-mir-6774,hsa-miR-6774-3p
1171,hsa-mir-6775,hsa-miR-6775-3p
1172,hsa-mir-6776,hsa-miR-6776-3p
1173,hsa-mir-6777,hsa-miR-6777-3p
1174,hsa-mir-6778,hsa-miR-6778-3p
1175,hsa-mir-6779,hsa-miR-6779-5p
1176,hsa-mir-6780a,hsa-miR-6780a-5p
1177,hsa-mir-6780b,hsa-miR-6780b-3p
1178,hsa-mir-6781,hsa-miR-6781-3p
1179,hsa-mir-6782,hsa-miR-6782-3p
1180,hsa-mir-6783,hsa-miR-6783-5p
1181,hsa-mir-6784,hsa-miR-6784-5p
1182,hsa-mir-6785,hsa-miR-6785-3p
1183,hsa-mir-6786,hsa-miR-6786-5p
1184,hsa-mir-6787,hsa-miR-6787-5p
1185,hsa-mir-6788,hsa-miR-6788-5p
1186,hsa-mir-6789,hsa-miR-6789-3p
1187,hsa-mir-6790,hsa-miR-6790-5p
1188,hsa-mir-6791,hsa-miR-6791-5p
1189,hsa-mir-6792,hsa-miR-6792-3p
1190,hsa-mir-6793,hsa-miR-6793-5p
1191,hsa-mir-6794,hsa-miR-6794-5p
1192,hsa-mir-6795,hsa-miR-6795-5p
1193,hsa-mir-6796,hsa-miR-6796-3p
1194,hsa-mir-6797,hsa-miR-6797-3p
1195,hsa-mir-6798,hsa-miR-6798-5p
1196,hsa-mir-6799,hsa-miR-6799-5p
1197,hsa-mir-6800,hsa-miR-6800-3p
1198,hsa-mir-6801,hsa-miR-6801-3p
1199,hsa-mir-6802,hsa-miR-6802-3p
1200,hsa-mir-6803,hsa-miR-6803-5p
1201,hsa-mir-6804,hsa-miR-6804-5p
1202,hsa-mir-6805,hsa-miR-6805-3p
1203,hsa-mir-6806,hsa-miR-6806-5p
1204,hsa-mir-6807,hsa-miR-6807-3p
1205,hsa-mir-6808,hsa-miR-6808-3p
1206,hsa-mir-6809,hsa-miR-6809-3p
1207,hsa-mir-6810,hsa-miR-6810-3p
1208,hsa-mir-6811,hsa-miR-6811-3p
1209,hsa-mir-6812,hsa-miR-6812-3p
1210,hsa-mir-6813,hsa-miR-6813-5p
1211,hsa-mir-6814,hsa-miR-6814-5p
1212,hsa-mir-6815,hsa-miR-6815-3p
1213,hsa-mir-6816,hsa-miR-6816-5p
1214,hsa-mir-6817,hsa-miR-6817-3p
1215,hsa-mir-6818,hsa-miR-6818-3p
1216,hsa-mir-6819,hsa-miR-6819-5p
1217,hsa-mir-6820,hsa-miR-6820-5p
1218,hsa-mir-6821,hsa-miR-6821-5p
1219,hsa-mir-6822,hsa-miR-6822-5p
1220,hsa-mir-6823,hsa-miR-6823-3p
1221,hsa-mir-6824,hsa-miR-6824-3p
1222,hsa-mir-6825,hsa-miR-6825-3p
1223,hsa-mir-6826,hsa-miR-6826-3p
1224,hsa-mir-6827,hsa-miR-6827-3p
1225,hsa-mir-6828,hsa-miR-6828-3p
1226,hsa-mir-6829,hsa-miR-6829-3p
1227,hsa-mir-6830,hsa-miR-6830-3p
1228,hsa-mir-6831,hsa-miR-6831-3p
1229,hsa-mir-6832,hsa-miR-6832-3p
1230,hsa-mir-6833,hsa-miR-6833-5p
1231,hsa-mir-6834,hsa-miR-6834-5p
1232,hsa-mir-6835,hsa-miR-6835-3p
1233,hsa-mir-6836,hsa-miR-6836-5p
1234,hsa-mir-6837,hsa-miR-6837-5p
1235,hsa-mir-6838,hsa-miR-6838-5p
1236,hsa-mir-6839,hsa-miR-6839-5p
1237,hsa-mir-6840,hsa-miR-6840-5p
1238,hsa-mir-6841,hsa-miR-6841-3p
1239,hsa-mir-6842,hsa-miR-6842-5p
1240,hsa-mir-6843,hsa-miR-6843-3p
1241,hsa-mir-6844,hsa-miR-6844
1242,hsa-mir-6845,hsa-miR-6845-3p
1243,hsa-mir-6846,hsa-miR-6846-5p
1244,hsa-mir-6847,hsa-miR-6847-5p
1245,hsa-mir-6848,hsa-miR-6848-3p
1246,hsa-mir-6849,hsa-miR-6849-3p
1247,hsa-mir-6850,hsa-miR-6850-5p
1248,hsa-mir-6851,hsa-miR-6851-3p
1249,hsa-mir-6852,hsa-miR-6852-3p
1250,hsa-mir-6853,hsa-miR-6853-3p
1251,hsa-mir-6854,hsa-miR-6854-3p
1252,hsa-mir-6855,hsa-miR-6855-3p
1253,hsa-mir-6856,hsa-miR-6856-3p
1254,hsa-mir-6857,hsa-miR-6857-5p
1255,hsa-mir-6858,hsa-miR-6858-5p
1256,hsa-mir-6860,hsa-miR-6860
1257,hsa-mir-6861,hsa-miR-6861-5p
1258,hsa-mir-6863,hsa-miR-6863
1259,hsa-mir-6864,hsa-miR-6864-3p
1260,hsa-mir-6865,hsa-miR-6865-5p
1261,hsa-mir-6866,hsa-miR-6866-5p
1262,hsa-mir-6867,hsa-miR-6867-3p
1263,hsa-mir-6868,hsa-miR-6868-5p
1264,hsa-mir-6869,hsa-miR-6869-3p
1265,hsa-mir-6870,hsa-miR-6870-3p
1266,hsa-mir-6871,hsa-miR-6871-5p
1267,hsa-mir-6872,hsa-miR-6872-3p
1268,hsa-mir-6873,hsa-miR-6873-5p
1269,hsa-mir-6874,hsa-miR-6874-3p
1270,hsa-mir-6875,hsa-miR-6875-3p
1271,hsa-mir-6876,hsa-miR-6876-5p
1272,hsa-mir-6877,hsa-miR-6877-3p
1273,hsa-mir-6878,hsa-miR-6878-5p
1274,hsa-mir-6879,hsa-miR-6879-5p
1275,hsa-mir-6880,hsa-miR-6880-3p
1276,hsa-mir-6881,hsa-miR-6881-3p
1277,hsa-mir-6882,hsa-miR-6882-5p
1278,hsa-mir-6883,hsa-miR-6883-3p
1279,hsa-mir-6884,hsa-miR-6884-3p
1280,hsa-mir-6885,hsa-miR-6885-5p
1281,hsa-mir-6886,hsa-miR-6886-5p
1282,hsa-mir-6887,hsa-miR-6887-5p
1283,hsa-mir-6888,hsa-miR-6888-3p
1284,hsa-mir-6889,hsa-miR-6889-5p
1285,hsa-mir-6890,hsa-miR-6890-3p
1286,hsa-mir-6891,hsa-miR-6891-3p
1287,hsa-mir-6892,hsa-miR-6892-5p
1288,hsa-mir-6893,hsa-miR-6893-3p
1289,hsa-mir-6894,hsa-miR-6894-5p
1290,hsa-mir-6895,hsa-miR-6895-5p
1291,hsa-mir-7-2,hsa-miR-7-2-3p
1292,hsa-mir-708,hsa-miR-708-5p
1293,hsa-mir-7106,hsa-miR-7106-5p
1294,hsa-mir-7107,hsa-miR-7107-5p
1295,hsa-mir-7108,hsa-miR-7108-3p
1296,hsa-mir-7109,hsa-miR-7109-5p
1297,hsa-mir-7110,hsa-miR-7110-3p
1298,hsa-mir-7111,hsa-miR-7111-3p
1299,hsa-mir-7112,hsa-miR-7112-5p
1300,hsa-mir-7113,hsa-miR-7113-5p
1301,hsa-mir-7114,hsa-miR-7114-5p
1302,hsa-mir-7151,hsa-miR-7151-5p
1303,hsa-mir-7152,hsa-miR-7152-5p
1304,hsa-mir-7155,hsa-miR-7155-5p
1305,hsa-mir-7156,hsa-miR-7156-3p
1306,hsa-mir-7157,hsa-miR-7157-5p
1307,hsa-mir-7158,hsa-miR-7158-3p
1308,hsa-mir-7160,hsa-miR-7160-3p
1309,hsa-mir-7161,hsa-miR-7161-5p
1310,hsa-mir-718,hsa-miR-718
1311,hsa-mir-744,hsa-miR-744-5p
1312,hsa-mir-758,hsa-miR-758-3p
1313,hsa-mir-760,hsa-miR-760
1314,hsa-mir-762,hsa-miR-762
1315,hsa-mir-765,hsa-miR-765
1316,hsa-mir-766,hsa-miR-766-5p
1317,hsa-mir-767,hsa-miR-767-3p
1318,hsa-mir-769,hsa-miR-769-3p
1319,hsa-mir-770,hsa-miR-770-5p
1320,hsa-mir-7702,hsa-miR-7702
1321,hsa-mir-7703,hsa-miR-7703
1322,hsa-mir-7704,hsa-miR-7704
1323,hsa-mir-7705,hsa-miR-7705
1324,hsa-mir-7706,hsa-miR-7706
1325,hsa-mir-7843,hsa-miR-7843-3p
1326,hsa-mir-7844,hsa-miR-7844-5p
1327,hsa-mir-7845,hsa-miR-7845-5p
1328,hsa-mir-7846,hsa-miR-7846-3p
1329,hsa-mir-7847,hsa-miR-7847-3p
1330,hsa-mir-7848,hsa-miR-7848-3p
1331,hsa-mir-7849,hsa-miR-7849-3p
1332,hsa-mir-7850,hsa-miR-7850-5p
1333,hsa-mir-7851,hsa-miR-7851-3p
1334,hsa-mir-7852,hsa-miR-7852-3p
1335,hsa-mir-7853,hsa-miR-7853-5p
1336,hsa-mir-7854,hsa-miR-7854-3p
1337,hsa-mir-7855,hsa-miR-7855-5p
1338,hsa-mir-7856,hsa-miR-7856-5p
1339,hsa-mir-7974,hsa-miR-7974
1340,hsa-mir-7976,hsa-miR-7976
1341,hsa-mir-7977,hsa-miR-7977
1342,hsa-mir-7978,hsa-miR-7978
1343,hsa-mir-802,hsa-miR-802
1344,hsa-mir-8059,hsa-miR-8059
1345,hsa-mir-8066,hsa-miR-8066
1346,hsa-mir-8072,hsa-miR-8072
1347,hsa-mir-8073,hsa-miR-8073
1348,hsa-mir-8075,hsa-miR-8075
1349,hsa-mir-8077,hsa-miR-8077
1350,hsa-mir-8079,hsa-miR-8079
1351,hsa-mir-8083,hsa-miR-8083
1352,hsa-mir-8085,hsa-miR-8085
1353,hsa-mir-873,hsa-miR-873-3p
1354,hsa-mir-874,hsa-miR-874-5p
1355,hsa-mir-875,hsa-miR-875-5p
1356,hsa-mir-876,hsa-miR-876-3p
1357,hsa-mir-877,hsa-miR-877-3p
1358,hsa-mir-885,hsa-miR-885-5p
1359,hsa-mir-887,hsa-miR-887-5p
1360,hsa-mir-888,hsa-miR-888-5p
1361,hsa-mir-889,hsa-miR-889-3p
1362,hsa-mir-890,hsa-miR-890
1363,hsa-mir-891a,hsa-miR-891a-3p
1364,hsa-mir-891b,hsa-miR-891b
1365,hsa-mir-892a,hsa-miR-892a
1366,hsa-mir-892b,hsa-miR-892b
1367,hsa-mir-892c,hsa-miR-892c-5p
1368,hsa-mir-921,hsa-miR-921
1369,hsa-mir-922,hsa-miR-922
1370,hsa-mir-92a-1,hsa-miR-92a-1-5p
1371,hsa-mir-92a-2,hsa-miR-92a-2-5p
1372,hsa-mir-92b,hsa-miR-92b-5p
1373,hsa-mir-93,hsa-miR-93-5p
1374,hsa-mir-933,hsa-miR-933
1375,hsa-mir-934,hsa-miR-934
1376,hsa-mir-935,hsa-miR-935
1377,hsa-mir-936,hsa-miR-936
1378,hsa-mir-937,hsa-miR-937-5p
1379,hsa-mir-938,hsa-miR-938
1380,hsa-mir-939,hsa-miR-939-3p
1381,hsa-mir-940,hsa-miR-940
1382,hsa-mir-942,hsa-miR-942-5p
1383,hsa-mir-943,hsa-miR-943
1384,hsa-mir-944,hsa-miR-944
1385,hsa-mir-95,hsa-miR-95-3p
1386,hsa-mir-96,hsa-miR-96-5p
1387,hsa-mir-98,hsa-miR-98-5p
1388,hsa-mir-99a,hsa-miR-99a-3p
1389,hsa-mir-99b,hsa-miR-99b-5p
